-- phpMyAdmin SQL Dump
-- version 2.11.1
-- http://www.phpmyadmin.net
--
-- Host: sqlc40b.carrierzone.com
-- Generation Time: Feb 01, 2011 at 10:24 AM
-- Server version: 4.12.20
-- PHP Version: 5.2.13

SET SQL_MODE="NO_AUTO_VALUE_ON_ZERO";

--
-- Database: `scifair_bhgray_site_aplus_net`
--

-- --------------------------------------------------------

--
-- Table structure for table `int_defaults`
--

DROP TABLE IF EXISTS `int_defaults`;
CREATE TABLE IF NOT EXISTS `int_defaults` (
  `pk_id` int(11) NOT NULL auto_increment,
  `key` varchar(50) default NULL,
  `value` varchar(50) default NULL,
  PRIMARY KEY  (`pk_id`)
) ENGINE=MyISAM  DEFAULT CHARSET=latin1 AUTO_INCREMENT=11 ;

--
-- Dumping data for table `int_defaults`
--

INSERT INTO `int_defaults` (`pk_id`, `key`, `value`) VALUES
(1, 'school_name', 'JR Masterman School'),
(2, 'school_st_address', '1699 Spring Garden Street'),
(3, 'school_city', 'Philadelphia'),
(4, 'school_zip', '19130'),
(5, 'school_telephone', '215-299-4661'),
(6, 'current_mp', '2'),
(7, 'system_opens', '1108900000'),
(8, 'system_closes', '1238900000'),
(9, 'message', 'Welcome to the Science Fair Experiment'),
(10, 'system_closes', '1238900000');

-- --------------------------------------------------------

--
-- Table structure for table `int_Game`
--

DROP TABLE IF EXISTS `int_Game`;
CREATE TABLE IF NOT EXISTS `int_Game` (
  `pk_gameID` int(11) NOT NULL auto_increment,
  `comments` varchar(50) default NULL,
  PRIMARY KEY  (`pk_gameID`)
) ENGINE=MyISAM  DEFAULT CHARSET=latin1 AUTO_INCREMENT=11 ;

--
-- Dumping data for table `int_Game`
--

INSERT INTO `int_Game` (`pk_gameID`, `comments`) VALUES
(1, NULL),
(2, NULL),
(3, NULL),
(4, NULL),
(5, NULL),
(6, NULL),
(7, NULL),
(8, NULL),
(9, NULL),
(10, NULL);

-- --------------------------------------------------------

--
-- Table structure for table `int_PlayedGame`
--

DROP TABLE IF EXISTS `int_PlayedGame`;
CREATE TABLE IF NOT EXISTS `int_PlayedGame` (
  `pk_playedGameID` int(11) NOT NULL auto_increment,
  `datePlayed` timestamp NOT NULL default '0000-00-00 00:00:00' on update CURRENT_TIMESTAMP,
  `fk_gameID` int(11) NOT NULL default '0',
  `moneyAtStart` int(11) NOT NULL default '0',
  `netResult` int(11) NOT NULL default '0',
  `fk_playerID` int(11) NOT NULL default '0',
  PRIMARY KEY  (`pk_playedGameID`)
) ENGINE=MyISAM DEFAULT CHARSET=latin1 AUTO_INCREMENT=1 ;

--
-- Dumping data for table `int_PlayedGame`
--


-- --------------------------------------------------------

--
-- Table structure for table `int_PlayedRound`
--

DROP TABLE IF EXISTS `int_PlayedRound`;
CREATE TABLE IF NOT EXISTS `int_PlayedRound` (
  `pk_PlayedRoundID` int(11) NOT NULL auto_increment,
  `fk_roundID` int(11) NOT NULL default '0',
  `fk_PlayedGameID` int(11) NOT NULL default '0',
  `choiceSelected` int(11) NOT NULL default '0',
  `moneyBet` int(11) NOT NULL default '0',
  `netResult` int(11) NOT NULL default '0',
  `moneyAtStart` int(11) NOT NULL default '0',
  `timestamp` timestamp NOT NULL default '0000-00-00 00:00:00' on update CURRENT_TIMESTAMP,
  PRIMARY KEY  (`pk_PlayedRoundID`)
) ENGINE=MyISAM DEFAULT CHARSET=latin1 AUTO_INCREMENT=1 ;

--
-- Dumping data for table `int_PlayedRound`
--


-- --------------------------------------------------------

--
-- Table structure for table `int_Round`
--

DROP TABLE IF EXISTS `int_Round`;
CREATE TABLE IF NOT EXISTS `int_Round` (
  `pk_roundID` int(11) NOT NULL auto_increment,
  `fk_gameID` int(11) NOT NULL default '0',
  `roundNumber` int(11) NOT NULL default '0',
  `choice1` int(11) NOT NULL default '0',
  `choice2` int(11) NOT NULL default '0',
  `choice3` int(11) NOT NULL default '0',
  `choice4` int(11) NOT NULL default '0',
  `hiddenChoice1` int(11) NOT NULL default '0',
  `hiddenChoice2` int(11) NOT NULL default '0',
  `winningChoice` int(11) NOT NULL default '0',
  PRIMARY KEY  (`pk_roundID`)
) ENGINE=MyISAM  DEFAULT CHARSET=latin1 AUTO_INCREMENT=101 ;

--
-- Dumping data for table `int_Round`
--

INSERT INTO `int_Round` (`pk_roundID`, `fk_gameID`, `roundNumber`, `choice1`, `choice2`, `choice3`, `choice4`, `hiddenChoice1`, `hiddenChoice2`, `winningChoice`) VALUES
(1, 1, 1, 7, 4, 5, 14, 1, 1, 1),
(2, 1, 2, 7, 8, 2, 13, 1, 1, 4),
(3, 1, 3, 3, 10, 1, 16, 1, 1, 5),
(4, 1, 4, 5, 9, 5, 11, 1, 1, 2),
(5, 1, 5, 9, 5, 4, 12, 1, 1, 6),
(6, 1, 6, 8, 4, 5, 13, 1, 1, 1),
(7, 1, 7, 7, 6, 2, 15, 1, 1, 6),
(8, 1, 8, 1, 1, 5, 23, 1, 1, 6),
(9, 1, 9, 4, 10, 1, 15, 1, 1, 2),
(10, 1, 10, 12, 6, 1, 11, 1, 1, 4),
(11, 2, 1, 1, 5, 2, 22, 1, 1, 5),
(12, 2, 2, 5, 6, 6, 13, 1, 1, 2),
(13, 2, 3, 10, 2, 6, 12, 1, 1, 6),
(14, 2, 4, 3, 4, 5, 18, 1, 1, 2),
(15, 2, 5, 3, 10, 2, 15, 1, 1, 5),
(16, 2, 6, 2, 2, 10, 16, 1, 1, 4),
(17, 2, 7, 12, 2, 3, 13, 1, 1, 5),
(18, 2, 8, 6, 1, 7, 16, 1, 1, 6),
(19, 2, 9, 9, 4, 5, 12, 1, 1, 3),
(20, 2, 10, 9, 2, 2, 17, 1, 1, 6),
(21, 3, 1, 7, 5, 2, 16, 1, 1, 5),
(22, 3, 2, 6, 5, 6, 13, 1, 1, 5),
(23, 3, 3, 10, 6, 3, 11, 1, 1, 2),
(24, 3, 4, 12, 2, 3, 13, 1, 1, 4),
(25, 3, 5, 10, 7, 3, 10, 1, 1, 2),
(26, 3, 6, 5, 3, 6, 16, 1, 1, 1),
(27, 3, 7, 12, 3, 2, 13, 1, 1, 2),
(28, 3, 8, 10, 2, 4, 14, 1, 1, 6),
(29, 3, 9, 9, 2, 5, 14, 1, 1, 6),
(30, 3, 10, 4, 3, 2, 21, 1, 1, 5),
(31, 4, 1, 2, 7, 4, 17, 1, 1, 6),
(32, 4, 2, 3, 5, 1, 21, 1, 1, 3),
(33, 4, 3, 2, 2, 1, 25, 1, 1, 4),
(34, 4, 4, 6, 8, 5, 11, 1, 1, 1),
(35, 4, 5, 4, 5, 5, 16, 1, 1, 6),
(36, 4, 6, 4, 3, 4, 19, 1, 1, 5),
(37, 4, 7, 1, 7, 7, 15, 1, 1, 3),
(38, 4, 8, 9, 4, 2, 15, 1, 1, 3),
(39, 4, 9, 9, 2, 2, 17, 1, 1, 4),
(40, 4, 10, 7, 2, 5, 16, 1, 1, 3),
(41, 5, 1, 8, 4, 4, 14, 1, 1, 1),
(42, 5, 2, 2, 9, 5, 14, 1, 1, 1),
(43, 5, 3, 8, 1, 5, 16, 1, 1, 1),
(44, 5, 4, 10, 3, 1, 16, 1, 1, 4),
(45, 5, 5, 7, 6, 1, 16, 1, 1, 4),
(46, 5, 6, 7, 4, 4, 15, 1, 1, 1),
(47, 5, 7, 12, 5, 3, 10, 1, 1, 6),
(48, 5, 8, 2, 11, 5, 12, 1, 1, 6),
(49, 5, 9, 12, 5, 3, 10, 1, 1, 4),
(50, 5, 10, 4, 2, 4, 20, 1, 1, 4),
(51, 6, 1, 12, 3, 4, 11, 1, 1, 5),
(52, 6, 2, 10, 5, 4, 11, 1, 1, 5),
(53, 6, 3, 12, 2, 1, 15, 1, 1, 3),
(54, 6, 4, 6, 5, 3, 16, 1, 1, 6),
(55, 6, 5, 5, 9, 1, 15, 1, 1, 3),
(56, 6, 6, 12, 1, 1, 16, 1, 1, 3),
(57, 6, 7, 7, 4, 2, 17, 1, 1, 3),
(58, 6, 8, 2, 2, 5, 21, 1, 1, 1),
(59, 6, 9, 10, 1, 1, 18, 1, 1, 3),
(60, 6, 10, 4, 6, 1, 19, 1, 1, 1),
(61, 7, 1, 4, 3, 1, 22, 1, 1, 1),
(62, 7, 2, 7, 2, 7, 14, 1, 1, 1),
(63, 7, 3, 3, 9, 1, 17, 1, 1, 4),
(64, 7, 4, 9, 3, 3, 15, 1, 1, 3),
(65, 7, 5, 3, 6, 3, 18, 1, 1, 4),
(66, 7, 6, 7, 3, 4, 16, 1, 1, 5),
(67, 7, 7, 3, 9, 2, 16, 1, 1, 5),
(68, 7, 8, 8, 4, 6, 12, 1, 1, 6),
(69, 7, 9, 12, 5, 3, 10, 1, 1, 4),
(70, 7, 10, 10, 2, 4, 14, 1, 1, 5),
(71, 8, 1, 12, 3, 2, 13, 1, 1, 5),
(72, 8, 2, 4, 2, 8, 16, 1, 1, 4),
(73, 8, 3, 10, 4, 2, 14, 1, 1, 3),
(74, 8, 4, 4, 1, 6, 19, 1, 1, 1),
(75, 8, 5, 3, 1, 1, 25, 1, 1, 4),
(76, 8, 6, 6, 4, 5, 15, 1, 1, 2),
(77, 8, 7, 11, 2, 3, 14, 1, 1, 6),
(78, 8, 8, 1, 4, 7, 18, 1, 1, 3),
(79, 8, 9, 9, 1, 2, 18, 1, 1, 2),
(80, 8, 10, 12, 1, 2, 15, 1, 1, 3),
(81, 9, 1, 5, 9, 5, 11, 1, 1, 1),
(82, 9, 2, 11, 5, 2, 12, 1, 1, 2),
(83, 9, 3, 8, 1, 7, 14, 1, 1, 5),
(84, 9, 4, 2, 10, 4, 14, 1, 1, 5),
(85, 9, 5, 1, 9, 7, 13, 1, 1, 6),
(86, 9, 6, 9, 3, 3, 15, 1, 1, 6),
(87, 9, 7, 3, 10, 1, 16, 1, 1, 3),
(88, 9, 8, 2, 11, 3, 14, 1, 1, 1),
(89, 9, 9, 2, 11, 5, 12, 1, 1, 3),
(90, 9, 10, 4, 9, 5, 12, 1, 1, 1),
(91, 10, 1, 5, 9, 2, 14, 1, 1, 3),
(92, 10, 2, 9, 6, 4, 11, 1, 1, 3),
(93, 10, 3, 3, 8, 6, 13, 1, 1, 2),
(94, 10, 4, 1, 10, 2, 17, 1, 1, 5),
(95, 10, 5, 10, 6, 3, 11, 1, 1, 3),
(96, 10, 6, 11, 1, 4, 14, 1, 1, 5),
(97, 10, 7, 10, 3, 2, 15, 1, 1, 4),
(98, 10, 8, 6, 6, 1, 17, 1, 1, 6),
(99, 10, 9, 5, 5, 1, 19, 1, 1, 3),
(100, 10, 10, 11, 4, 4, 11, 1, 1, 5);

-- --------------------------------------------------------

--
-- Table structure for table `int_seeds`
--

DROP TABLE IF EXISTS `int_seeds`;
CREATE TABLE IF NOT EXISTS `int_seeds` (
  `id` int(11) NOT NULL auto_increment,
  `seed` timestamp NOT NULL default CURRENT_TIMESTAMP on update CURRENT_TIMESTAMP,
  PRIMARY KEY  (`id`)
) ENGINE=MyISAM  DEFAULT CHARSET=latin1 AUTO_INCREMENT=2 ;

--
-- Dumping data for table `int_seeds`
--

INSERT INTO `int_seeds` (`id`, `seed`) VALUES
(1, '2011-02-01 10:22:58');

-- --------------------------------------------------------

--
-- Table structure for table `int_users`
--

DROP TABLE IF EXISTS `int_users`;
CREATE TABLE IF NOT EXISTS `int_users` (
  `pk_ID` int(11) NOT NULL auto_increment,
  `lastName` varchar(50) default NULL,
  `firstName` varchar(50) default NULL,
  `username` varchar(20) default NULL,
  `displayName` varchar(30) default NULL,
  `email` varchar(50) default NULL,
  `active` char(1) character set latin1 collate latin1_bin default '0',
  `password` varchar(40) default NULL,
  `auth_level` varchar(5) character set latin1 collate latin1_bin NOT NULL default '00001',
  `last_login` datetime default NULL,
  `creation_date` timestamp NOT NULL default CURRENT_TIMESTAMP,
  `message` varchar(100) default 'Welcome to the Science Fair',
  PRIMARY KEY  (`pk_ID`)
) ENGINE=MyISAM  DEFAULT CHARSET=latin1 AUTO_INCREMENT=1003 ;

--
-- Dumping data for table `int_users`
--

INSERT INTO `int_users` (`pk_ID`, `lastName`, `firstName`, `username`, `displayName`, `email`, `active`, `password`, `auth_level`, `last_login`, `creation_date`, `message`) VALUES
(1, 'Gray', 'Brent', 'bhgray', 'Mr. Gray', 'bhgray@philasd.org', '1', 'tabasco', '11111', '0000-00-00 00:00:00', '0000-00-00 00:00:00', 'Welcome to the Science Fair'),
(2, 'Reardon', 'Leland', 'lreardon', 'Mr. Science Fair', NULL, '1', 'password', '11111', '2011-02-01 10:18:45', '0000-00-00 00:00:00', 'Welcome to the Science Fair'),
(3, NULL, NULL, 'KKXPJ862', NULL, NULL, '0', 'password', '00001', NULL, '2011-02-01 10:22:20', 'Welcome to the Science Fair'),
(4, NULL, NULL, 'Z4QWWC0L', NULL, NULL, '0', 'password', '00001', NULL, '2011-02-01 10:22:20', 'Welcome to the Science Fair'),
(5, NULL, NULL, 'LVBW7601', NULL, NULL, '0', 'password', '00001', NULL, '2011-02-01 10:22:20', 'Welcome to the Science Fair'),
(6, NULL, NULL, 'URVLMPUI', NULL, NULL, '0', 'password', '00001', NULL, '2011-02-01 10:22:20', 'Welcome to the Science Fair'),
(7, NULL, NULL, '04DL5DTV', NULL, NULL, '0', 'password', '00001', NULL, '2011-02-01 10:22:20', 'Welcome to the Science Fair'),
(8, NULL, NULL, '6TSIGBLU', NULL, NULL, '0', 'password', '00001', NULL, '2011-02-01 10:22:20', 'Welcome to the Science Fair'),
(9, NULL, NULL, 'ZRXKXG5Y', NULL, NULL, '0', 'password', '00001', NULL, '2011-02-01 10:22:20', 'Welcome to the Science Fair'),
(10, NULL, NULL, 'NEKWUBXW', NULL, NULL, '0', 'password', '00001', NULL, '2011-02-01 10:22:20', 'Welcome to the Science Fair'),
(11, NULL, NULL, 'LPNA4HHN', NULL, NULL, '0', 'password', '00001', NULL, '2011-02-01 10:22:20', 'Welcome to the Science Fair'),
(12, NULL, NULL, '66CO9T0E', NULL, NULL, '0', 'password', '00001', NULL, '2011-02-01 10:22:20', 'Welcome to the Science Fair'),
(13, NULL, NULL, 'NX3EDZD7', NULL, NULL, '0', 'password', '00001', NULL, '2011-02-01 10:22:20', 'Welcome to the Science Fair'),
(14, NULL, NULL, 'IWLF9EPF', NULL, NULL, '0', 'password', '00001', NULL, '2011-02-01 10:22:20', 'Welcome to the Science Fair'),
(15, NULL, NULL, 'LTLJJW73', NULL, NULL, '0', 'password', '00001', NULL, '2011-02-01 10:22:20', 'Welcome to the Science Fair'),
(16, NULL, NULL, 'F5VWKMU2', NULL, NULL, '0', 'password', '00001', NULL, '2011-02-01 10:22:20', 'Welcome to the Science Fair'),
(17, NULL, NULL, 'CPJMNNPT', NULL, NULL, '0', 'password', '00001', NULL, '2011-02-01 10:22:20', 'Welcome to the Science Fair'),
(18, NULL, NULL, 'TD22ORIP', NULL, NULL, '0', 'password', '00001', NULL, '2011-02-01 10:22:20', 'Welcome to the Science Fair'),
(19, NULL, NULL, '9ILKE6UL', NULL, NULL, '0', 'password', '00001', NULL, '2011-02-01 10:22:20', 'Welcome to the Science Fair'),
(20, NULL, NULL, 'P572B86I', NULL, NULL, '0', 'password', '00001', NULL, '2011-02-01 10:22:20', 'Welcome to the Science Fair'),
(21, NULL, NULL, 'F0BL0ZD0', NULL, NULL, '0', 'password', '00001', NULL, '2011-02-01 10:22:20', 'Welcome to the Science Fair'),
(22, NULL, NULL, 'QP3Z6UJW', NULL, NULL, '0', 'password', '00001', NULL, '2011-02-01 10:22:20', 'Welcome to the Science Fair'),
(23, NULL, NULL, 'CJ5H6E3A', NULL, NULL, '0', 'password', '00001', NULL, '2011-02-01 10:22:20', 'Welcome to the Science Fair'),
(24, NULL, NULL, 'J2ICTP9E', NULL, NULL, '0', 'password', '00001', NULL, '2011-02-01 10:22:20', 'Welcome to the Science Fair'),
(25, NULL, NULL, '4WPFFTGO', NULL, NULL, '0', 'password', '00001', NULL, '2011-02-01 10:22:20', 'Welcome to the Science Fair'),
(26, NULL, NULL, '6O08RA8A', NULL, NULL, '0', 'password', '00001', NULL, '2011-02-01 10:22:20', 'Welcome to the Science Fair'),
(27, NULL, NULL, '8TFFD196', NULL, NULL, '0', 'password', '00001', NULL, '2011-02-01 10:22:20', 'Welcome to the Science Fair'),
(28, NULL, NULL, 'UXQT3XUQ', NULL, NULL, '0', 'password', '00001', NULL, '2011-02-01 10:22:20', 'Welcome to the Science Fair'),
(29, NULL, NULL, 'JVF28AZL', NULL, NULL, '0', 'password', '00001', NULL, '2011-02-01 10:22:20', 'Welcome to the Science Fair'),
(30, NULL, NULL, 'T7L5KGV1', NULL, NULL, '0', 'password', '00001', NULL, '2011-02-01 10:22:20', 'Welcome to the Science Fair'),
(31, NULL, NULL, '3EUM13L1', NULL, NULL, '0', 'password', '00001', NULL, '2011-02-01 10:22:20', 'Welcome to the Science Fair'),
(32, NULL, NULL, '20TQ3AUU', NULL, NULL, '0', 'password', '00001', NULL, '2011-02-01 10:22:20', 'Welcome to the Science Fair'),
(33, NULL, NULL, 'CKG8KP9R', NULL, NULL, '0', 'password', '00001', NULL, '2011-02-01 10:22:20', 'Welcome to the Science Fair'),
(34, NULL, NULL, 'ZKY8C8TY', NULL, NULL, '0', 'password', '00001', NULL, '2011-02-01 10:22:20', 'Welcome to the Science Fair'),
(35, NULL, NULL, '63L5IRY6', NULL, NULL, '0', 'password', '00001', NULL, '2011-02-01 10:22:20', 'Welcome to the Science Fair'),
(36, NULL, NULL, 'YT1LK2S5', NULL, NULL, '0', 'password', '00001', NULL, '2011-02-01 10:22:20', 'Welcome to the Science Fair'),
(37, NULL, NULL, 'YF7P2GQ6', NULL, NULL, '0', 'password', '00001', NULL, '2011-02-01 10:22:20', 'Welcome to the Science Fair'),
(38, NULL, NULL, 'W9BWR9C1', NULL, NULL, '0', 'password', '00001', NULL, '2011-02-01 10:22:20', 'Welcome to the Science Fair'),
(39, NULL, NULL, '91YWMQPR', NULL, NULL, '0', 'password', '00001', NULL, '2011-02-01 10:22:20', 'Welcome to the Science Fair'),
(40, NULL, NULL, 'O34EY1XL', NULL, NULL, '0', 'password', '00001', NULL, '2011-02-01 10:22:20', 'Welcome to the Science Fair'),
(41, NULL, NULL, 'IWIKU7N5', NULL, NULL, '0', 'password', '00001', NULL, '2011-02-01 10:22:20', 'Welcome to the Science Fair'),
(42, NULL, NULL, 'VPOM1046', NULL, NULL, '0', 'password', '00001', NULL, '2011-02-01 10:22:20', 'Welcome to the Science Fair'),
(43, NULL, NULL, '0Z04ZB67', NULL, NULL, '0', 'password', '00001', NULL, '2011-02-01 10:22:20', 'Welcome to the Science Fair'),
(44, NULL, NULL, '22P8D15K', NULL, NULL, '0', 'password', '00001', NULL, '2011-02-01 10:22:20', 'Welcome to the Science Fair'),
(45, NULL, NULL, 'G4OL5CSI', NULL, NULL, '0', 'password', '00001', NULL, '2011-02-01 10:22:20', 'Welcome to the Science Fair'),
(46, NULL, NULL, '1SH0B98T', NULL, NULL, '0', 'password', '00001', NULL, '2011-02-01 10:22:20', 'Welcome to the Science Fair'),
(47, NULL, NULL, 'QPFWWJB5', NULL, NULL, '0', 'password', '00001', NULL, '2011-02-01 10:22:20', 'Welcome to the Science Fair'),
(48, NULL, NULL, 'TI73Y4JG', NULL, NULL, '0', 'password', '00001', NULL, '2011-02-01 10:22:20', 'Welcome to the Science Fair'),
(49, NULL, NULL, 'K1PX9LWZ', NULL, NULL, '0', 'password', '00001', NULL, '2011-02-01 10:22:20', 'Welcome to the Science Fair'),
(50, NULL, NULL, 'QIZQWNT6', NULL, NULL, '0', 'password', '00001', NULL, '2011-02-01 10:22:20', 'Welcome to the Science Fair'),
(51, NULL, NULL, 'SR60PUBB', NULL, NULL, '0', 'password', '00001', NULL, '2011-02-01 10:22:20', 'Welcome to the Science Fair'),
(52, NULL, NULL, 'KV880Y3B', NULL, NULL, '0', 'password', '00001', NULL, '2011-02-01 10:22:20', 'Welcome to the Science Fair'),
(53, NULL, NULL, 'A9L7OI46', NULL, NULL, '0', 'password', '00001', NULL, '2011-02-01 10:22:20', 'Welcome to the Science Fair'),
(54, NULL, NULL, 'D0SNOFIX', NULL, NULL, '0', 'password', '00001', NULL, '2011-02-01 10:22:20', 'Welcome to the Science Fair'),
(55, NULL, NULL, '6PF57COR', NULL, NULL, '0', 'password', '00001', NULL, '2011-02-01 10:22:20', 'Welcome to the Science Fair'),
(56, NULL, NULL, 'X2FIG1E6', NULL, NULL, '0', 'password', '00001', NULL, '2011-02-01 10:22:20', 'Welcome to the Science Fair'),
(57, NULL, NULL, '5FZOQXRT', NULL, NULL, '0', 'password', '00001', NULL, '2011-02-01 10:22:20', 'Welcome to the Science Fair'),
(58, NULL, NULL, 'WSLVC5SD', NULL, NULL, '0', 'password', '00001', NULL, '2011-02-01 10:22:20', 'Welcome to the Science Fair'),
(59, NULL, NULL, 'W4D2D0R6', NULL, NULL, '0', 'password', '00001', NULL, '2011-02-01 10:22:20', 'Welcome to the Science Fair'),
(60, NULL, NULL, '2MZ5OB8L', NULL, NULL, '0', 'password', '00001', NULL, '2011-02-01 10:22:20', 'Welcome to the Science Fair'),
(61, NULL, NULL, 'MV5N1S6P', NULL, NULL, '0', 'password', '00001', NULL, '2011-02-01 10:22:20', 'Welcome to the Science Fair'),
(62, NULL, NULL, 'TS2BYO2C', NULL, NULL, '0', 'password', '00001', NULL, '2011-02-01 10:22:20', 'Welcome to the Science Fair'),
(63, NULL, NULL, 'H740BVF0', NULL, NULL, '0', 'password', '00001', NULL, '2011-02-01 10:22:20', 'Welcome to the Science Fair'),
(64, NULL, NULL, '8AYEYGC0', NULL, NULL, '0', 'password', '00001', NULL, '2011-02-01 10:22:20', 'Welcome to the Science Fair'),
(65, NULL, NULL, 'PTUSFV4M', NULL, NULL, '0', 'password', '00001', NULL, '2011-02-01 10:22:20', 'Welcome to the Science Fair'),
(66, NULL, NULL, '1J4QKDHG', NULL, NULL, '0', 'password', '00001', NULL, '2011-02-01 10:22:20', 'Welcome to the Science Fair'),
(67, NULL, NULL, 'ELWYY0SX', NULL, NULL, '0', 'password', '00001', NULL, '2011-02-01 10:22:20', 'Welcome to the Science Fair'),
(68, NULL, NULL, 'R4JHXTEZ', NULL, NULL, '0', 'password', '00001', NULL, '2011-02-01 10:22:20', 'Welcome to the Science Fair'),
(69, NULL, NULL, 'YAECRW2O', NULL, NULL, '0', 'password', '00001', NULL, '2011-02-01 10:22:20', 'Welcome to the Science Fair'),
(70, NULL, NULL, 'N1LGASOR', NULL, NULL, '0', 'password', '00001', NULL, '2011-02-01 10:22:20', 'Welcome to the Science Fair'),
(71, NULL, NULL, 'BKPCPCB1', NULL, NULL, '0', 'password', '00001', NULL, '2011-02-01 10:22:20', 'Welcome to the Science Fair'),
(72, NULL, NULL, 'VJQOIIKY', NULL, NULL, '0', 'password', '00001', NULL, '2011-02-01 10:22:20', 'Welcome to the Science Fair'),
(73, NULL, NULL, 'W8LEA1S7', NULL, NULL, '0', 'password', '00001', NULL, '2011-02-01 10:22:20', 'Welcome to the Science Fair'),
(74, NULL, NULL, '5AUAMK4R', NULL, NULL, '0', 'password', '00001', NULL, '2011-02-01 10:22:20', 'Welcome to the Science Fair'),
(75, NULL, NULL, '4V3BGF0W', NULL, NULL, '0', 'password', '00001', NULL, '2011-02-01 10:22:20', 'Welcome to the Science Fair'),
(76, NULL, NULL, 'N4794N70', NULL, NULL, '0', 'password', '00001', NULL, '2011-02-01 10:22:20', 'Welcome to the Science Fair'),
(77, NULL, NULL, 'GP3JF6XZ', NULL, NULL, '0', 'password', '00001', NULL, '2011-02-01 10:22:20', 'Welcome to the Science Fair'),
(78, NULL, NULL, 'X24WAE11', NULL, NULL, '0', 'password', '00001', NULL, '2011-02-01 10:22:20', 'Welcome to the Science Fair'),
(79, NULL, NULL, 'XZERZ0QU', NULL, NULL, '0', 'password', '00001', NULL, '2011-02-01 10:22:20', 'Welcome to the Science Fair'),
(80, NULL, NULL, '8LA4B7IB', NULL, NULL, '0', 'password', '00001', NULL, '2011-02-01 10:22:20', 'Welcome to the Science Fair'),
(81, NULL, NULL, '2K82UWLO', NULL, NULL, '0', 'password', '00001', NULL, '2011-02-01 10:22:20', 'Welcome to the Science Fair'),
(82, NULL, NULL, 'C6D8AP6H', NULL, NULL, '0', 'password', '00001', NULL, '2011-02-01 10:22:20', 'Welcome to the Science Fair'),
(83, NULL, NULL, 'P2UUBDUJ', NULL, NULL, '0', 'password', '00001', NULL, '2011-02-01 10:22:20', 'Welcome to the Science Fair'),
(84, NULL, NULL, '6CR03NQU', NULL, NULL, '0', 'password', '00001', NULL, '2011-02-01 10:22:20', 'Welcome to the Science Fair'),
(85, NULL, NULL, 'M5K3N319', NULL, NULL, '0', 'password', '00001', NULL, '2011-02-01 10:22:20', 'Welcome to the Science Fair'),
(86, NULL, NULL, 'M5B9WA3R', NULL, NULL, '0', 'password', '00001', NULL, '2011-02-01 10:22:20', 'Welcome to the Science Fair'),
(87, NULL, NULL, 'LABAZZJ2', NULL, NULL, '0', 'password', '00001', NULL, '2011-02-01 10:22:20', 'Welcome to the Science Fair'),
(88, NULL, NULL, 'XNYLTQ2W', NULL, NULL, '0', 'password', '00001', NULL, '2011-02-01 10:22:20', 'Welcome to the Science Fair'),
(89, NULL, NULL, 'OOKV6V1G', NULL, NULL, '0', 'password', '00001', NULL, '2011-02-01 10:22:20', 'Welcome to the Science Fair'),
(90, NULL, NULL, 'Z60WYPTF', NULL, NULL, '0', 'password', '00001', NULL, '2011-02-01 10:22:20', 'Welcome to the Science Fair'),
(91, NULL, NULL, '99TFZH6P', NULL, NULL, '0', 'password', '00001', NULL, '2011-02-01 10:22:20', 'Welcome to the Science Fair'),
(92, NULL, NULL, 'SKJS4ER6', NULL, NULL, '0', 'password', '00001', NULL, '2011-02-01 10:22:20', 'Welcome to the Science Fair'),
(93, NULL, NULL, '3PYDG7CV', NULL, NULL, '0', 'password', '00001', NULL, '2011-02-01 10:22:20', 'Welcome to the Science Fair'),
(94, NULL, NULL, 'MBURFQSX', NULL, NULL, '0', 'password', '00001', NULL, '2011-02-01 10:22:20', 'Welcome to the Science Fair'),
(95, NULL, NULL, 'PP9KV5MY', NULL, NULL, '0', 'password', '00001', NULL, '2011-02-01 10:22:20', 'Welcome to the Science Fair'),
(96, NULL, NULL, 'L62GS48T', NULL, NULL, '0', 'password', '00001', NULL, '2011-02-01 10:22:20', 'Welcome to the Science Fair'),
(97, NULL, NULL, 'GSBEK8AS', NULL, NULL, '0', 'password', '00001', NULL, '2011-02-01 10:22:20', 'Welcome to the Science Fair'),
(98, NULL, NULL, '4VJHN4BW', NULL, NULL, '0', 'password', '00001', NULL, '2011-02-01 10:22:20', 'Welcome to the Science Fair'),
(99, NULL, NULL, 'PL5D4ZWA', NULL, NULL, '0', 'password', '00001', NULL, '2011-02-01 10:22:20', 'Welcome to the Science Fair'),
(100, NULL, NULL, 'M9R21BRV', NULL, NULL, '0', 'password', '00001', NULL, '2011-02-01 10:22:20', 'Welcome to the Science Fair'),
(101, NULL, NULL, 'B2BPZTD5', NULL, NULL, '0', 'password', '00001', NULL, '2011-02-01 10:22:20', 'Welcome to the Science Fair'),
(102, NULL, NULL, 'HJXRJSVQ', NULL, NULL, '0', 'password', '00001', NULL, '2011-02-01 10:22:20', 'Welcome to the Science Fair'),
(103, NULL, NULL, 'OPQVHDGL', NULL, NULL, '0', 'password', '00001', NULL, '2011-02-01 10:22:20', 'Welcome to the Science Fair'),
(104, NULL, NULL, '8YALSHKD', NULL, NULL, '0', 'password', '00001', NULL, '2011-02-01 10:22:20', 'Welcome to the Science Fair'),
(105, NULL, NULL, '86YU00YJ', NULL, NULL, '0', 'password', '00001', NULL, '2011-02-01 10:22:20', 'Welcome to the Science Fair'),
(106, NULL, NULL, 'L1JWA57L', NULL, NULL, '0', 'password', '00001', NULL, '2011-02-01 10:22:20', 'Welcome to the Science Fair'),
(107, NULL, NULL, '7YWTZXHC', NULL, NULL, '0', 'password', '00001', NULL, '2011-02-01 10:22:20', 'Welcome to the Science Fair'),
(108, NULL, NULL, 'MNZ1OJ8N', NULL, NULL, '0', 'password', '00001', NULL, '2011-02-01 10:22:20', 'Welcome to the Science Fair'),
(109, NULL, NULL, '68T2JRZY', NULL, NULL, '0', 'password', '00001', NULL, '2011-02-01 10:22:20', 'Welcome to the Science Fair'),
(110, NULL, NULL, '0RODW4CB', NULL, NULL, '0', 'password', '00001', NULL, '2011-02-01 10:22:20', 'Welcome to the Science Fair'),
(111, NULL, NULL, '66K8SJFD', NULL, NULL, '0', 'password', '00001', NULL, '2011-02-01 10:22:20', 'Welcome to the Science Fair'),
(112, NULL, NULL, 'EEMZHCEL', NULL, NULL, '0', 'password', '00001', NULL, '2011-02-01 10:22:20', 'Welcome to the Science Fair'),
(113, NULL, NULL, 'ZCY0WYW6', NULL, NULL, '0', 'password', '00001', NULL, '2011-02-01 10:22:20', 'Welcome to the Science Fair'),
(114, NULL, NULL, 'LBADTXPI', NULL, NULL, '0', 'password', '00001', NULL, '2011-02-01 10:22:20', 'Welcome to the Science Fair'),
(115, NULL, NULL, '5RCZQDN0', NULL, NULL, '0', 'password', '00001', NULL, '2011-02-01 10:22:20', 'Welcome to the Science Fair'),
(116, NULL, NULL, 'IEWY8D7A', NULL, NULL, '0', 'password', '00001', NULL, '2011-02-01 10:22:20', 'Welcome to the Science Fair'),
(117, NULL, NULL, '1QUTVAWV', NULL, NULL, '0', 'password', '00001', NULL, '2011-02-01 10:22:20', 'Welcome to the Science Fair'),
(118, NULL, NULL, 'XZS8I0F7', NULL, NULL, '0', 'password', '00001', NULL, '2011-02-01 10:22:20', 'Welcome to the Science Fair'),
(119, NULL, NULL, '3S9EO1DB', NULL, NULL, '0', 'password', '00001', NULL, '2011-02-01 10:22:20', 'Welcome to the Science Fair'),
(120, NULL, NULL, 'JBFY0IV0', NULL, NULL, '0', 'password', '00001', NULL, '2011-02-01 10:22:20', 'Welcome to the Science Fair'),
(121, NULL, NULL, '4YQOLB0L', NULL, NULL, '0', 'password', '00001', NULL, '2011-02-01 10:22:20', 'Welcome to the Science Fair'),
(122, NULL, NULL, 'WAXVUKTU', NULL, NULL, '0', 'password', '00001', NULL, '2011-02-01 10:22:20', 'Welcome to the Science Fair'),
(123, NULL, NULL, 'T58QJZ49', NULL, NULL, '0', 'password', '00001', NULL, '2011-02-01 10:22:20', 'Welcome to the Science Fair'),
(124, NULL, NULL, 'TX445RL6', NULL, NULL, '0', 'password', '00001', NULL, '2011-02-01 10:22:20', 'Welcome to the Science Fair'),
(125, NULL, NULL, '2LOI14J3', NULL, NULL, '0', 'password', '00001', NULL, '2011-02-01 10:22:20', 'Welcome to the Science Fair'),
(126, NULL, NULL, 'QHBDX6SC', NULL, NULL, '0', 'password', '00001', NULL, '2011-02-01 10:22:20', 'Welcome to the Science Fair'),
(127, NULL, NULL, '7UZALP8I', NULL, NULL, '0', 'password', '00001', NULL, '2011-02-01 10:22:21', 'Welcome to the Science Fair'),
(128, NULL, NULL, 'NCRCVBMR', NULL, NULL, '0', 'password', '00001', NULL, '2011-02-01 10:22:21', 'Welcome to the Science Fair'),
(129, NULL, NULL, 'XY9X4R2V', NULL, NULL, '0', 'password', '00001', NULL, '2011-02-01 10:22:21', 'Welcome to the Science Fair'),
(130, NULL, NULL, '2IL3SDJQ', NULL, NULL, '0', 'password', '00001', NULL, '2011-02-01 10:22:21', 'Welcome to the Science Fair'),
(131, NULL, NULL, 'TFWUCDI5', NULL, NULL, '0', 'password', '00001', NULL, '2011-02-01 10:22:21', 'Welcome to the Science Fair'),
(132, NULL, NULL, 'B1TTN3HW', NULL, NULL, '0', 'password', '00001', NULL, '2011-02-01 10:22:21', 'Welcome to the Science Fair'),
(133, NULL, NULL, 'ZD6WS5DV', NULL, NULL, '0', 'password', '00001', NULL, '2011-02-01 10:22:21', 'Welcome to the Science Fair'),
(134, NULL, NULL, 'HFN82QBZ', NULL, NULL, '0', 'password', '00001', NULL, '2011-02-01 10:22:21', 'Welcome to the Science Fair'),
(135, NULL, NULL, '3X5ZKR6C', NULL, NULL, '0', 'password', '00001', NULL, '2011-02-01 10:22:21', 'Welcome to the Science Fair'),
(136, NULL, NULL, 'RQOJ86YM', NULL, NULL, '0', 'password', '00001', NULL, '2011-02-01 10:22:21', 'Welcome to the Science Fair'),
(137, NULL, NULL, 'LADSVDB5', NULL, NULL, '0', 'password', '00001', NULL, '2011-02-01 10:22:21', 'Welcome to the Science Fair'),
(138, NULL, NULL, 'ZM5KN9RE', NULL, NULL, '0', 'password', '00001', NULL, '2011-02-01 10:22:21', 'Welcome to the Science Fair'),
(139, NULL, NULL, 'KAO53LVD', NULL, NULL, '0', 'password', '00001', NULL, '2011-02-01 10:22:21', 'Welcome to the Science Fair'),
(140, NULL, NULL, 'GHP23DUR', NULL, NULL, '0', 'password', '00001', NULL, '2011-02-01 10:22:21', 'Welcome to the Science Fair'),
(141, NULL, NULL, 'I54RW5SB', NULL, NULL, '0', 'password', '00001', NULL, '2011-02-01 10:22:21', 'Welcome to the Science Fair'),
(142, NULL, NULL, 'O9BCBLWJ', NULL, NULL, '0', 'password', '00001', NULL, '2011-02-01 10:22:21', 'Welcome to the Science Fair'),
(143, NULL, NULL, 'DCVN70MT', NULL, NULL, '0', 'password', '00001', NULL, '2011-02-01 10:22:21', 'Welcome to the Science Fair'),
(144, NULL, NULL, '9P9OUGD0', NULL, NULL, '0', 'password', '00001', NULL, '2011-02-01 10:22:21', 'Welcome to the Science Fair'),
(145, NULL, NULL, 'TQ2L06LY', NULL, NULL, '0', 'password', '00001', NULL, '2011-02-01 10:22:21', 'Welcome to the Science Fair'),
(146, NULL, NULL, '0RTRNFYP', NULL, NULL, '0', 'password', '00001', NULL, '2011-02-01 10:22:21', 'Welcome to the Science Fair'),
(147, NULL, NULL, 'EMCLBZM0', NULL, NULL, '0', 'password', '00001', NULL, '2011-02-01 10:22:21', 'Welcome to the Science Fair'),
(148, NULL, NULL, '46AABYI5', NULL, NULL, '0', 'password', '00001', NULL, '2011-02-01 10:22:21', 'Welcome to the Science Fair'),
(149, NULL, NULL, 'PM2XQNTM', NULL, NULL, '0', 'password', '00001', NULL, '2011-02-01 10:22:21', 'Welcome to the Science Fair'),
(150, NULL, NULL, 'USNEQ3SY', NULL, NULL, '0', 'password', '00001', NULL, '2011-02-01 10:22:21', 'Welcome to the Science Fair'),
(151, NULL, NULL, '7KX384GI', NULL, NULL, '0', 'password', '00001', NULL, '2011-02-01 10:22:21', 'Welcome to the Science Fair'),
(152, NULL, NULL, 'F4IUT4UQ', NULL, NULL, '0', 'password', '00001', NULL, '2011-02-01 10:22:21', 'Welcome to the Science Fair'),
(153, NULL, NULL, 'RB2VE1Q3', NULL, NULL, '0', 'password', '00001', NULL, '2011-02-01 10:22:21', 'Welcome to the Science Fair'),
(154, NULL, NULL, 'RD18K4EG', NULL, NULL, '0', 'password', '00001', NULL, '2011-02-01 10:22:21', 'Welcome to the Science Fair'),
(155, NULL, NULL, 'R68YGSJR', NULL, NULL, '0', 'password', '00001', NULL, '2011-02-01 10:22:21', 'Welcome to the Science Fair'),
(156, NULL, NULL, '7833CMPR', NULL, NULL, '0', 'password', '00001', NULL, '2011-02-01 10:22:21', 'Welcome to the Science Fair'),
(157, NULL, NULL, 'BZK4KKTP', NULL, NULL, '0', 'password', '00001', NULL, '2011-02-01 10:22:21', 'Welcome to the Science Fair'),
(158, NULL, NULL, 'FKR9QR1S', NULL, NULL, '0', 'password', '00001', NULL, '2011-02-01 10:22:21', 'Welcome to the Science Fair'),
(159, NULL, NULL, 'ZOC29F0Z', NULL, NULL, '0', 'password', '00001', NULL, '2011-02-01 10:22:21', 'Welcome to the Science Fair'),
(160, NULL, NULL, 'OOBY9JDN', NULL, NULL, '0', 'password', '00001', NULL, '2011-02-01 10:22:21', 'Welcome to the Science Fair'),
(161, NULL, NULL, '9P6VHN4G', NULL, NULL, '0', 'password', '00001', NULL, '2011-02-01 10:22:21', 'Welcome to the Science Fair'),
(162, NULL, NULL, 'IRDURWHR', NULL, NULL, '0', 'password', '00001', NULL, '2011-02-01 10:22:21', 'Welcome to the Science Fair'),
(163, NULL, NULL, 'FFC6VG2M', NULL, NULL, '0', 'password', '00001', NULL, '2011-02-01 10:22:21', 'Welcome to the Science Fair'),
(164, NULL, NULL, 'Q6HIZCXO', NULL, NULL, '0', 'password', '00001', NULL, '2011-02-01 10:22:21', 'Welcome to the Science Fair'),
(165, NULL, NULL, '0579WR7C', NULL, NULL, '0', 'password', '00001', NULL, '2011-02-01 10:22:21', 'Welcome to the Science Fair'),
(166, NULL, NULL, 'FGRBFM5F', NULL, NULL, '0', 'password', '00001', NULL, '2011-02-01 10:22:21', 'Welcome to the Science Fair'),
(167, NULL, NULL, '3U26GSE0', NULL, NULL, '0', 'password', '00001', NULL, '2011-02-01 10:22:21', 'Welcome to the Science Fair'),
(168, NULL, NULL, 'CPCF6D35', NULL, NULL, '0', 'password', '00001', NULL, '2011-02-01 10:22:21', 'Welcome to the Science Fair'),
(169, NULL, NULL, '5VBSP4T5', NULL, NULL, '0', 'password', '00001', NULL, '2011-02-01 10:22:21', 'Welcome to the Science Fair'),
(170, NULL, NULL, 'WHPIIEQH', NULL, NULL, '0', 'password', '00001', NULL, '2011-02-01 10:22:21', 'Welcome to the Science Fair'),
(171, NULL, NULL, 'ZGXN6YCS', NULL, NULL, '0', 'password', '00001', NULL, '2011-02-01 10:22:21', 'Welcome to the Science Fair'),
(172, NULL, NULL, 'JTEAZ57T', NULL, NULL, '0', 'password', '00001', NULL, '2011-02-01 10:22:21', 'Welcome to the Science Fair'),
(173, NULL, NULL, 'OCD78D3E', NULL, NULL, '0', 'password', '00001', NULL, '2011-02-01 10:22:21', 'Welcome to the Science Fair'),
(174, NULL, NULL, 'JPN998V1', NULL, NULL, '0', 'password', '00001', NULL, '2011-02-01 10:22:21', 'Welcome to the Science Fair'),
(175, NULL, NULL, 'YVPGKKBO', NULL, NULL, '0', 'password', '00001', NULL, '2011-02-01 10:22:21', 'Welcome to the Science Fair'),
(176, NULL, NULL, '3A5MT9U9', NULL, NULL, '0', 'password', '00001', NULL, '2011-02-01 10:22:21', 'Welcome to the Science Fair'),
(177, NULL, NULL, 'LQ7SAZSX', NULL, NULL, '0', 'password', '00001', NULL, '2011-02-01 10:22:21', 'Welcome to the Science Fair'),
(178, NULL, NULL, '5DPSNJHI', NULL, NULL, '0', 'password', '00001', NULL, '2011-02-01 10:22:21', 'Welcome to the Science Fair'),
(179, NULL, NULL, 'XR9LBNZY', NULL, NULL, '0', 'password', '00001', NULL, '2011-02-01 10:22:21', 'Welcome to the Science Fair'),
(180, NULL, NULL, 'KSBC8P8Y', NULL, NULL, '0', 'password', '00001', NULL, '2011-02-01 10:22:21', 'Welcome to the Science Fair'),
(181, NULL, NULL, 'VV0BUQDG', NULL, NULL, '0', 'password', '00001', NULL, '2011-02-01 10:22:21', 'Welcome to the Science Fair'),
(182, NULL, NULL, 'X786KGJ2', NULL, NULL, '0', 'password', '00001', NULL, '2011-02-01 10:22:21', 'Welcome to the Science Fair'),
(183, NULL, NULL, 'GAVZ52DC', NULL, NULL, '0', 'password', '00001', NULL, '2011-02-01 10:22:21', 'Welcome to the Science Fair'),
(184, NULL, NULL, 'L0N7K4CM', NULL, NULL, '0', 'password', '00001', NULL, '2011-02-01 10:22:21', 'Welcome to the Science Fair'),
(185, NULL, NULL, '4E4CDHL4', NULL, NULL, '0', 'password', '00001', NULL, '2011-02-01 10:22:21', 'Welcome to the Science Fair'),
(186, NULL, NULL, 'T1YZHNQG', NULL, NULL, '0', 'password', '00001', NULL, '2011-02-01 10:22:21', 'Welcome to the Science Fair'),
(187, NULL, NULL, '7PQH0F14', NULL, NULL, '0', 'password', '00001', NULL, '2011-02-01 10:22:21', 'Welcome to the Science Fair'),
(188, NULL, NULL, 'OK5SMZQM', NULL, NULL, '0', 'password', '00001', NULL, '2011-02-01 10:22:21', 'Welcome to the Science Fair'),
(189, NULL, NULL, 'INFOXT99', NULL, NULL, '0', 'password', '00001', NULL, '2011-02-01 10:22:21', 'Welcome to the Science Fair'),
(190, NULL, NULL, 'FP44WRX3', NULL, NULL, '0', 'password', '00001', NULL, '2011-02-01 10:22:21', 'Welcome to the Science Fair'),
(191, NULL, NULL, 'HDYW0J2V', NULL, NULL, '0', 'password', '00001', NULL, '2011-02-01 10:22:21', 'Welcome to the Science Fair'),
(192, NULL, NULL, 'J281D5NY', NULL, NULL, '0', 'password', '00001', NULL, '2011-02-01 10:22:21', 'Welcome to the Science Fair'),
(193, NULL, NULL, 'UQ9NW2SJ', NULL, NULL, '0', 'password', '00001', NULL, '2011-02-01 10:22:21', 'Welcome to the Science Fair'),
(194, NULL, NULL, 'WLYWFHPH', NULL, NULL, '0', 'password', '00001', NULL, '2011-02-01 10:22:21', 'Welcome to the Science Fair'),
(195, NULL, NULL, 'O57FJT8P', NULL, NULL, '0', 'password', '00001', NULL, '2011-02-01 10:22:21', 'Welcome to the Science Fair'),
(196, NULL, NULL, 'A1QH5WJ2', NULL, NULL, '0', 'password', '00001', NULL, '2011-02-01 10:22:21', 'Welcome to the Science Fair'),
(197, NULL, NULL, 'N0QNDZF6', NULL, NULL, '0', 'password', '00001', NULL, '2011-02-01 10:22:21', 'Welcome to the Science Fair'),
(198, NULL, NULL, 'ZK9VY49G', NULL, NULL, '0', 'password', '00001', NULL, '2011-02-01 10:22:21', 'Welcome to the Science Fair'),
(199, NULL, NULL, 'A1D2V242', NULL, NULL, '0', 'password', '00001', NULL, '2011-02-01 10:22:21', 'Welcome to the Science Fair'),
(200, NULL, NULL, 'FPMAUU9I', NULL, NULL, '0', 'password', '00001', NULL, '2011-02-01 10:22:21', 'Welcome to the Science Fair'),
(201, NULL, NULL, 'VBMJ9TXQ', NULL, NULL, '0', 'password', '00001', NULL, '2011-02-01 10:22:21', 'Welcome to the Science Fair'),
(202, NULL, NULL, 'YI76NUM9', NULL, NULL, '0', 'password', '00001', NULL, '2011-02-01 10:22:21', 'Welcome to the Science Fair'),
(203, NULL, NULL, 'F5SAZIAE', NULL, NULL, '0', 'password', '00001', NULL, '2011-02-01 10:22:21', 'Welcome to the Science Fair'),
(204, NULL, NULL, 'OEO41VI1', NULL, NULL, '0', 'password', '00001', NULL, '2011-02-01 10:22:21', 'Welcome to the Science Fair'),
(205, NULL, NULL, 'KHDWQSNB', NULL, NULL, '0', 'password', '00001', NULL, '2011-02-01 10:22:21', 'Welcome to the Science Fair'),
(206, NULL, NULL, 'R8UGWP4G', NULL, NULL, '0', 'password', '00001', NULL, '2011-02-01 10:22:21', 'Welcome to the Science Fair'),
(207, NULL, NULL, 'P9CRV1PT', NULL, NULL, '0', 'password', '00001', NULL, '2011-02-01 10:22:21', 'Welcome to the Science Fair'),
(208, NULL, NULL, 'R5OR5CHD', NULL, NULL, '0', 'password', '00001', NULL, '2011-02-01 10:22:21', 'Welcome to the Science Fair'),
(209, NULL, NULL, 'VDJ8EZ5T', NULL, NULL, '0', 'password', '00001', NULL, '2011-02-01 10:22:21', 'Welcome to the Science Fair'),
(210, NULL, NULL, '7CGQPH6X', NULL, NULL, '0', 'password', '00001', NULL, '2011-02-01 10:22:21', 'Welcome to the Science Fair'),
(211, NULL, NULL, 'EA5JKQYQ', NULL, NULL, '0', 'password', '00001', NULL, '2011-02-01 10:22:21', 'Welcome to the Science Fair'),
(212, NULL, NULL, 'Y064BX3O', NULL, NULL, '0', 'password', '00001', NULL, '2011-02-01 10:22:21', 'Welcome to the Science Fair'),
(213, NULL, NULL, 'ONWVXNU7', NULL, NULL, '0', 'password', '00001', NULL, '2011-02-01 10:22:21', 'Welcome to the Science Fair'),
(214, NULL, NULL, 'QSMBSZS4', NULL, NULL, '0', 'password', '00001', NULL, '2011-02-01 10:22:21', 'Welcome to the Science Fair'),
(215, NULL, NULL, '8YZSX5O3', NULL, NULL, '0', 'password', '00001', NULL, '2011-02-01 10:22:21', 'Welcome to the Science Fair'),
(216, NULL, NULL, 'T5625E3W', NULL, NULL, '0', 'password', '00001', NULL, '2011-02-01 10:22:21', 'Welcome to the Science Fair'),
(217, NULL, NULL, 'MJ47TFQB', NULL, NULL, '0', 'password', '00001', NULL, '2011-02-01 10:22:21', 'Welcome to the Science Fair'),
(218, NULL, NULL, '07XWRFNX', NULL, NULL, '0', 'password', '00001', NULL, '2011-02-01 10:22:21', 'Welcome to the Science Fair'),
(219, NULL, NULL, 'L7IMISSI', NULL, NULL, '0', 'password', '00001', NULL, '2011-02-01 10:22:21', 'Welcome to the Science Fair'),
(220, NULL, NULL, 'IB86HUUB', NULL, NULL, '0', 'password', '00001', NULL, '2011-02-01 10:22:21', 'Welcome to the Science Fair'),
(221, NULL, NULL, 'JTVF4P2R', NULL, NULL, '0', 'password', '00001', NULL, '2011-02-01 10:22:21', 'Welcome to the Science Fair'),
(222, NULL, NULL, 'CDFK51J4', NULL, NULL, '0', 'password', '00001', NULL, '2011-02-01 10:22:21', 'Welcome to the Science Fair'),
(223, NULL, NULL, '5WRG8T5T', NULL, NULL, '0', 'password', '00001', NULL, '2011-02-01 10:22:21', 'Welcome to the Science Fair'),
(224, NULL, NULL, '328NI2RQ', NULL, NULL, '0', 'password', '00001', NULL, '2011-02-01 10:22:21', 'Welcome to the Science Fair'),
(225, NULL, NULL, '5LTOXVIP', NULL, NULL, '0', 'password', '00001', NULL, '2011-02-01 10:22:21', 'Welcome to the Science Fair'),
(226, NULL, NULL, 'FQQ7MGF5', NULL, NULL, '0', 'password', '00001', NULL, '2011-02-01 10:22:21', 'Welcome to the Science Fair'),
(227, NULL, NULL, 'MPG6XGWM', NULL, NULL, '0', 'password', '00001', NULL, '2011-02-01 10:22:21', 'Welcome to the Science Fair'),
(228, NULL, NULL, 'HMIUT5JA', NULL, NULL, '0', 'password', '00001', NULL, '2011-02-01 10:22:21', 'Welcome to the Science Fair'),
(229, NULL, NULL, 'DCBSH9XJ', NULL, NULL, '0', 'password', '00001', NULL, '2011-02-01 10:22:21', 'Welcome to the Science Fair'),
(230, NULL, NULL, 'HU9UZLKZ', NULL, NULL, '0', 'password', '00001', NULL, '2011-02-01 10:22:21', 'Welcome to the Science Fair'),
(231, NULL, NULL, 'YAEPR71A', NULL, NULL, '0', 'password', '00001', NULL, '2011-02-01 10:22:21', 'Welcome to the Science Fair'),
(232, NULL, NULL, 'C42QTSX5', NULL, NULL, '0', 'password', '00001', NULL, '2011-02-01 10:22:21', 'Welcome to the Science Fair'),
(233, NULL, NULL, 'Y9NB6WW6', NULL, NULL, '0', 'password', '00001', NULL, '2011-02-01 10:22:21', 'Welcome to the Science Fair'),
(234, NULL, NULL, '2DN83N5C', NULL, NULL, '0', 'password', '00001', NULL, '2011-02-01 10:22:21', 'Welcome to the Science Fair'),
(235, NULL, NULL, 'EVXGUWZX', NULL, NULL, '0', 'password', '00001', NULL, '2011-02-01 10:22:21', 'Welcome to the Science Fair'),
(236, NULL, NULL, 'SQOF2FIW', NULL, NULL, '0', 'password', '00001', NULL, '2011-02-01 10:22:21', 'Welcome to the Science Fair'),
(237, NULL, NULL, 'EKE8A4EA', NULL, NULL, '0', 'password', '00001', NULL, '2011-02-01 10:22:21', 'Welcome to the Science Fair'),
(238, NULL, NULL, 'ASYIINAA', NULL, NULL, '0', 'password', '00001', NULL, '2011-02-01 10:22:21', 'Welcome to the Science Fair'),
(239, NULL, NULL, 'M96WOWYB', NULL, NULL, '0', 'password', '00001', NULL, '2011-02-01 10:22:21', 'Welcome to the Science Fair'),
(240, NULL, NULL, '4ALESUAE', NULL, NULL, '0', 'password', '00001', NULL, '2011-02-01 10:22:21', 'Welcome to the Science Fair'),
(241, NULL, NULL, 'NP039T8Z', NULL, NULL, '0', 'password', '00001', NULL, '2011-02-01 10:22:21', 'Welcome to the Science Fair'),
(242, NULL, NULL, 'GIP3OHLV', NULL, NULL, '0', 'password', '00001', NULL, '2011-02-01 10:22:21', 'Welcome to the Science Fair'),
(243, NULL, NULL, 'AIBKFIJS', NULL, NULL, '0', 'password', '00001', NULL, '2011-02-01 10:22:21', 'Welcome to the Science Fair'),
(244, NULL, NULL, 'H33Q8O09', NULL, NULL, '0', 'password', '00001', NULL, '2011-02-01 10:22:21', 'Welcome to the Science Fair'),
(245, NULL, NULL, 'QGEHPEP5', NULL, NULL, '0', 'password', '00001', NULL, '2011-02-01 10:22:21', 'Welcome to the Science Fair'),
(246, NULL, NULL, 'T3VBADNP', NULL, NULL, '0', 'password', '00001', NULL, '2011-02-01 10:22:21', 'Welcome to the Science Fair'),
(247, NULL, NULL, '9WX4MZQG', NULL, NULL, '0', 'password', '00001', NULL, '2011-02-01 10:22:21', 'Welcome to the Science Fair'),
(248, NULL, NULL, 'ZX704I4O', NULL, NULL, '0', 'password', '00001', NULL, '2011-02-01 10:22:21', 'Welcome to the Science Fair'),
(249, NULL, NULL, '3P25KKE0', NULL, NULL, '0', 'password', '00001', NULL, '2011-02-01 10:22:21', 'Welcome to the Science Fair'),
(250, NULL, NULL, '5R6BVAV9', NULL, NULL, '0', 'password', '00001', NULL, '2011-02-01 10:22:21', 'Welcome to the Science Fair'),
(251, NULL, NULL, 'GMHLYZIR', NULL, NULL, '0', 'password', '00001', NULL, '2011-02-01 10:22:21', 'Welcome to the Science Fair'),
(252, NULL, NULL, 'AGXVZRBY', NULL, NULL, '0', 'password', '00001', NULL, '2011-02-01 10:22:21', 'Welcome to the Science Fair'),
(253, NULL, NULL, 'IH9BDAYR', NULL, NULL, '0', 'password', '00001', NULL, '2011-02-01 10:22:21', 'Welcome to the Science Fair'),
(254, NULL, NULL, 'OMPI3SMR', NULL, NULL, '0', 'password', '00001', NULL, '2011-02-01 10:22:21', 'Welcome to the Science Fair'),
(255, NULL, NULL, 'ZW9EE1FG', NULL, NULL, '0', 'password', '00001', NULL, '2011-02-01 10:22:21', 'Welcome to the Science Fair'),
(256, NULL, NULL, 'IGIV28DD', NULL, NULL, '0', 'password', '00001', NULL, '2011-02-01 10:22:21', 'Welcome to the Science Fair'),
(257, NULL, NULL, '2ZGG09QC', NULL, NULL, '0', 'password', '00001', NULL, '2011-02-01 10:22:21', 'Welcome to the Science Fair'),
(258, NULL, NULL, '90O17L7B', NULL, NULL, '0', 'password', '00001', NULL, '2011-02-01 10:22:21', 'Welcome to the Science Fair'),
(259, NULL, NULL, 'AZNOEA2H', NULL, NULL, '0', 'password', '00001', NULL, '2011-02-01 10:22:21', 'Welcome to the Science Fair'),
(260, NULL, NULL, 'Q9KLVXPZ', NULL, NULL, '0', 'password', '00001', NULL, '2011-02-01 10:22:21', 'Welcome to the Science Fair'),
(261, NULL, NULL, '47DNAHLH', NULL, NULL, '0', 'password', '00001', NULL, '2011-02-01 10:22:21', 'Welcome to the Science Fair'),
(262, NULL, NULL, 'LIF3I34D', NULL, NULL, '0', 'password', '00001', NULL, '2011-02-01 10:22:21', 'Welcome to the Science Fair'),
(263, NULL, NULL, 'XDHD6DRK', NULL, NULL, '0', 'password', '00001', NULL, '2011-02-01 10:22:21', 'Welcome to the Science Fair'),
(264, NULL, NULL, 'Z88WX582', NULL, NULL, '0', 'password', '00001', NULL, '2011-02-01 10:22:21', 'Welcome to the Science Fair'),
(265, NULL, NULL, '4X2HQD4W', NULL, NULL, '0', 'password', '00001', NULL, '2011-02-01 10:22:21', 'Welcome to the Science Fair'),
(266, NULL, NULL, 'CI508ZDG', NULL, NULL, '0', 'password', '00001', NULL, '2011-02-01 10:22:21', 'Welcome to the Science Fair'),
(267, NULL, NULL, 'ZWHGVGHF', NULL, NULL, '0', 'password', '00001', NULL, '2011-02-01 10:22:21', 'Welcome to the Science Fair'),
(268, NULL, NULL, 'XGZD491G', NULL, NULL, '0', 'password', '00001', NULL, '2011-02-01 10:22:21', 'Welcome to the Science Fair'),
(269, NULL, NULL, 'A1PDKZ7J', NULL, NULL, '0', 'password', '00001', NULL, '2011-02-01 10:22:21', 'Welcome to the Science Fair'),
(270, NULL, NULL, '2MGDTORQ', NULL, NULL, '0', 'password', '00001', NULL, '2011-02-01 10:22:21', 'Welcome to the Science Fair'),
(271, NULL, NULL, 'HQTVR19C', NULL, NULL, '0', 'password', '00001', NULL, '2011-02-01 10:22:21', 'Welcome to the Science Fair'),
(272, NULL, NULL, 'S1RZT1TA', NULL, NULL, '0', 'password', '00001', NULL, '2011-02-01 10:22:21', 'Welcome to the Science Fair'),
(273, NULL, NULL, 'TRKZPKPN', NULL, NULL, '0', 'password', '00001', NULL, '2011-02-01 10:22:21', 'Welcome to the Science Fair'),
(274, NULL, NULL, '7HZPE7IE', NULL, NULL, '0', 'password', '00001', NULL, '2011-02-01 10:22:21', 'Welcome to the Science Fair'),
(275, NULL, NULL, 'ZDVQ14I8', NULL, NULL, '0', 'password', '00001', NULL, '2011-02-01 10:22:21', 'Welcome to the Science Fair'),
(276, NULL, NULL, 'BRI22WRW', NULL, NULL, '0', 'password', '00001', NULL, '2011-02-01 10:22:21', 'Welcome to the Science Fair'),
(277, NULL, NULL, 'VSUWK760', NULL, NULL, '0', 'password', '00001', NULL, '2011-02-01 10:22:21', 'Welcome to the Science Fair'),
(278, NULL, NULL, 'QVQ96CLN', NULL, NULL, '0', 'password', '00001', NULL, '2011-02-01 10:22:21', 'Welcome to the Science Fair'),
(279, NULL, NULL, '58T56I9F', NULL, NULL, '0', 'password', '00001', NULL, '2011-02-01 10:22:21', 'Welcome to the Science Fair'),
(280, NULL, NULL, 'CY23MBWY', NULL, NULL, '0', 'password', '00001', NULL, '2011-02-01 10:22:21', 'Welcome to the Science Fair'),
(281, NULL, NULL, '22QW9MVZ', NULL, NULL, '0', 'password', '00001', NULL, '2011-02-01 10:22:21', 'Welcome to the Science Fair'),
(282, NULL, NULL, '0PXW5AGF', NULL, NULL, '0', 'password', '00001', NULL, '2011-02-01 10:22:21', 'Welcome to the Science Fair'),
(283, NULL, NULL, 'IW9AKBX1', NULL, NULL, '0', 'password', '00001', NULL, '2011-02-01 10:22:21', 'Welcome to the Science Fair'),
(284, NULL, NULL, '9MPT6IBS', NULL, NULL, '0', 'password', '00001', NULL, '2011-02-01 10:22:21', 'Welcome to the Science Fair'),
(285, NULL, NULL, 'JJ6TW5KT', NULL, NULL, '0', 'password', '00001', NULL, '2011-02-01 10:22:21', 'Welcome to the Science Fair'),
(286, NULL, NULL, '9HWI0MGK', NULL, NULL, '0', 'password', '00001', NULL, '2011-02-01 10:22:21', 'Welcome to the Science Fair'),
(287, NULL, NULL, 'V7QYMV7M', NULL, NULL, '0', 'password', '00001', NULL, '2011-02-01 10:22:21', 'Welcome to the Science Fair'),
(288, NULL, NULL, 'UG51WW9P', NULL, NULL, '0', 'password', '00001', NULL, '2011-02-01 10:22:21', 'Welcome to the Science Fair'),
(289, NULL, NULL, 'HITEEAST', NULL, NULL, '0', 'password', '00001', NULL, '2011-02-01 10:22:21', 'Welcome to the Science Fair'),
(290, NULL, NULL, 'DPVWQ45V', NULL, NULL, '0', 'password', '00001', NULL, '2011-02-01 10:22:21', 'Welcome to the Science Fair'),
(291, NULL, NULL, '4AZ7K9YM', NULL, NULL, '0', 'password', '00001', NULL, '2011-02-01 10:22:21', 'Welcome to the Science Fair'),
(292, NULL, NULL, '5306RULJ', NULL, NULL, '0', 'password', '00001', NULL, '2011-02-01 10:22:21', 'Welcome to the Science Fair'),
(293, NULL, NULL, '6JAO6ZRE', NULL, NULL, '0', 'password', '00001', NULL, '2011-02-01 10:22:21', 'Welcome to the Science Fair'),
(294, NULL, NULL, 'NGNHBB68', NULL, NULL, '0', 'password', '00001', NULL, '2011-02-01 10:22:21', 'Welcome to the Science Fair'),
(295, NULL, NULL, 'T66KRE7O', NULL, NULL, '0', 'password', '00001', NULL, '2011-02-01 10:22:21', 'Welcome to the Science Fair'),
(296, NULL, NULL, 'SU84FOSH', NULL, NULL, '0', 'password', '00001', NULL, '2011-02-01 10:22:21', 'Welcome to the Science Fair'),
(297, NULL, NULL, 'SU79WD7C', NULL, NULL, '0', 'password', '00001', NULL, '2011-02-01 10:22:21', 'Welcome to the Science Fair'),
(298, NULL, NULL, '5EUY3K4F', NULL, NULL, '0', 'password', '00001', NULL, '2011-02-01 10:22:21', 'Welcome to the Science Fair'),
(299, NULL, NULL, '662M5LQM', NULL, NULL, '0', 'password', '00001', NULL, '2011-02-01 10:22:21', 'Welcome to the Science Fair'),
(300, NULL, NULL, '8VNCO5D6', NULL, NULL, '0', 'password', '00001', NULL, '2011-02-01 10:22:21', 'Welcome to the Science Fair'),
(301, NULL, NULL, 'W434SFXE', NULL, NULL, '0', 'password', '00001', NULL, '2011-02-01 10:22:21', 'Welcome to the Science Fair'),
(302, NULL, NULL, '9VXYJNU0', NULL, NULL, '0', 'password', '00001', NULL, '2011-02-01 10:22:21', 'Welcome to the Science Fair'),
(303, NULL, NULL, 'UYJOHC2V', NULL, NULL, '0', 'password', '00001', NULL, '2011-02-01 10:22:21', 'Welcome to the Science Fair'),
(304, NULL, NULL, 'DISM7UHV', NULL, NULL, '0', 'password', '00001', NULL, '2011-02-01 10:22:21', 'Welcome to the Science Fair'),
(305, NULL, NULL, 'TB2I72FM', NULL, NULL, '0', 'password', '00001', NULL, '2011-02-01 10:22:21', 'Welcome to the Science Fair'),
(306, NULL, NULL, 'B3GQ2FTF', NULL, NULL, '0', 'password', '00001', NULL, '2011-02-01 10:22:21', 'Welcome to the Science Fair'),
(307, NULL, NULL, 'AEGI4SRM', NULL, NULL, '0', 'password', '00001', NULL, '2011-02-01 10:22:21', 'Welcome to the Science Fair'),
(308, NULL, NULL, 'RXU0ZVWL', NULL, NULL, '0', 'password', '00001', NULL, '2011-02-01 10:22:21', 'Welcome to the Science Fair'),
(309, NULL, NULL, 'X53A8EXA', NULL, NULL, '0', 'password', '00001', NULL, '2011-02-01 10:22:21', 'Welcome to the Science Fair'),
(310, NULL, NULL, 'LIFO0HG3', NULL, NULL, '0', 'password', '00001', NULL, '2011-02-01 10:22:21', 'Welcome to the Science Fair'),
(311, NULL, NULL, 'IIVT40AK', NULL, NULL, '0', 'password', '00001', NULL, '2011-02-01 10:22:21', 'Welcome to the Science Fair'),
(312, NULL, NULL, 'A5J8XJTA', NULL, NULL, '0', 'password', '00001', NULL, '2011-02-01 10:22:21', 'Welcome to the Science Fair'),
(313, NULL, NULL, '2XSX3Q27', NULL, NULL, '0', 'password', '00001', NULL, '2011-02-01 10:22:21', 'Welcome to the Science Fair'),
(314, NULL, NULL, '9L2BUH82', NULL, NULL, '0', 'password', '00001', NULL, '2011-02-01 10:22:21', 'Welcome to the Science Fair'),
(315, NULL, NULL, 'YZFSOMJE', NULL, NULL, '0', 'password', '00001', NULL, '2011-02-01 10:22:21', 'Welcome to the Science Fair'),
(316, NULL, NULL, '97667N8R', NULL, NULL, '0', 'password', '00001', NULL, '2011-02-01 10:22:21', 'Welcome to the Science Fair'),
(317, NULL, NULL, 'PNWMDJN1', NULL, NULL, '0', 'password', '00001', NULL, '2011-02-01 10:22:21', 'Welcome to the Science Fair'),
(318, NULL, NULL, 'HNU4YA83', NULL, NULL, '0', 'password', '00001', NULL, '2011-02-01 10:22:21', 'Welcome to the Science Fair'),
(319, NULL, NULL, 'DC80KF1A', NULL, NULL, '0', 'password', '00001', NULL, '2011-02-01 10:22:21', 'Welcome to the Science Fair'),
(320, NULL, NULL, 'H2FPRVIG', NULL, NULL, '0', 'password', '00001', NULL, '2011-02-01 10:22:21', 'Welcome to the Science Fair'),
(321, NULL, NULL, 'MF7HL9KP', NULL, NULL, '0', 'password', '00001', NULL, '2011-02-01 10:22:21', 'Welcome to the Science Fair'),
(322, NULL, NULL, 'FFP6ET59', NULL, NULL, '0', 'password', '00001', NULL, '2011-02-01 10:22:21', 'Welcome to the Science Fair'),
(323, NULL, NULL, 'LWA8GE09', NULL, NULL, '0', 'password', '00001', NULL, '2011-02-01 10:22:21', 'Welcome to the Science Fair'),
(324, NULL, NULL, 'UMTX8YFT', NULL, NULL, '0', 'password', '00001', NULL, '2011-02-01 10:22:21', 'Welcome to the Science Fair'),
(325, NULL, NULL, 'TPPN7N05', NULL, NULL, '0', 'password', '00001', NULL, '2011-02-01 10:22:21', 'Welcome to the Science Fair'),
(326, NULL, NULL, 'F7SE2PMT', NULL, NULL, '0', 'password', '00001', NULL, '2011-02-01 10:22:21', 'Welcome to the Science Fair'),
(327, NULL, NULL, 'OL1PX4YJ', NULL, NULL, '0', 'password', '00001', NULL, '2011-02-01 10:22:21', 'Welcome to the Science Fair'),
(328, NULL, NULL, 'JBQRZ9EI', NULL, NULL, '0', 'password', '00001', NULL, '2011-02-01 10:22:21', 'Welcome to the Science Fair'),
(329, NULL, NULL, 'PYA7FUR1', NULL, NULL, '0', 'password', '00001', NULL, '2011-02-01 10:22:21', 'Welcome to the Science Fair'),
(330, NULL, NULL, 'VNO6S888', NULL, NULL, '0', 'password', '00001', NULL, '2011-02-01 10:22:21', 'Welcome to the Science Fair'),
(331, NULL, NULL, 'RIXPA5WR', NULL, NULL, '0', 'password', '00001', NULL, '2011-02-01 10:22:21', 'Welcome to the Science Fair'),
(332, NULL, NULL, 'A19IF00Q', NULL, NULL, '0', 'password', '00001', NULL, '2011-02-01 10:22:21', 'Welcome to the Science Fair'),
(333, NULL, NULL, 'WD6I6PM3', NULL, NULL, '0', 'password', '00001', NULL, '2011-02-01 10:22:21', 'Welcome to the Science Fair'),
(334, NULL, NULL, '5PR1E7AW', NULL, NULL, '0', 'password', '00001', NULL, '2011-02-01 10:22:21', 'Welcome to the Science Fair'),
(335, NULL, NULL, 'H0YN85ON', NULL, NULL, '0', 'password', '00001', NULL, '2011-02-01 10:22:21', 'Welcome to the Science Fair'),
(336, NULL, NULL, 'P9QM0IWF', NULL, NULL, '0', 'password', '00001', NULL, '2011-02-01 10:22:21', 'Welcome to the Science Fair'),
(337, NULL, NULL, '4YPZVMOY', NULL, NULL, '0', 'password', '00001', NULL, '2011-02-01 10:22:21', 'Welcome to the Science Fair'),
(338, NULL, NULL, 'EAFKW99I', NULL, NULL, '0', 'password', '00001', NULL, '2011-02-01 10:22:21', 'Welcome to the Science Fair'),
(339, NULL, NULL, 'O904HZQM', NULL, NULL, '0', 'password', '00001', NULL, '2011-02-01 10:22:21', 'Welcome to the Science Fair'),
(340, NULL, NULL, 'LHX4AO3V', NULL, NULL, '0', 'password', '00001', NULL, '2011-02-01 10:22:21', 'Welcome to the Science Fair'),
(341, NULL, NULL, '90REIAI2', NULL, NULL, '0', 'password', '00001', NULL, '2011-02-01 10:22:21', 'Welcome to the Science Fair'),
(342, NULL, NULL, 'INEQOC16', NULL, NULL, '0', 'password', '00001', NULL, '2011-02-01 10:22:21', 'Welcome to the Science Fair'),
(343, NULL, NULL, '2FBBR31R', NULL, NULL, '0', 'password', '00001', NULL, '2011-02-01 10:22:21', 'Welcome to the Science Fair'),
(344, NULL, NULL, 'EN2OALW8', NULL, NULL, '0', 'password', '00001', NULL, '2011-02-01 10:22:21', 'Welcome to the Science Fair'),
(345, NULL, NULL, 'DAOCOWGA', NULL, NULL, '0', 'password', '00001', NULL, '2011-02-01 10:22:21', 'Welcome to the Science Fair'),
(346, NULL, NULL, '53UKS5HC', NULL, NULL, '0', 'password', '00001', NULL, '2011-02-01 10:22:21', 'Welcome to the Science Fair'),
(347, NULL, NULL, '0S7LDRMG', NULL, NULL, '0', 'password', '00001', NULL, '2011-02-01 10:22:21', 'Welcome to the Science Fair'),
(348, NULL, NULL, 'VA9KREGG', NULL, NULL, '0', 'password', '00001', NULL, '2011-02-01 10:22:21', 'Welcome to the Science Fair'),
(349, NULL, NULL, 'MH148A1K', NULL, NULL, '0', 'password', '00001', NULL, '2011-02-01 10:22:21', 'Welcome to the Science Fair'),
(350, NULL, NULL, 'U61L7GAF', NULL, NULL, '0', 'password', '00001', NULL, '2011-02-01 10:22:21', 'Welcome to the Science Fair'),
(351, NULL, NULL, 'T2D04H9F', NULL, NULL, '0', 'password', '00001', NULL, '2011-02-01 10:22:21', 'Welcome to the Science Fair'),
(352, NULL, NULL, 'AA6713YS', NULL, NULL, '0', 'password', '00001', NULL, '2011-02-01 10:22:21', 'Welcome to the Science Fair'),
(353, NULL, NULL, 'HYSN6TUQ', NULL, NULL, '0', 'password', '00001', NULL, '2011-02-01 10:22:21', 'Welcome to the Science Fair'),
(354, NULL, NULL, 'I0HX9GRX', NULL, NULL, '0', 'password', '00001', NULL, '2011-02-01 10:22:21', 'Welcome to the Science Fair'),
(355, NULL, NULL, 'F8JRVMCE', NULL, NULL, '0', 'password', '00001', NULL, '2011-02-01 10:22:21', 'Welcome to the Science Fair'),
(356, NULL, NULL, 'XJ12KKJG', NULL, NULL, '0', 'password', '00001', NULL, '2011-02-01 10:22:21', 'Welcome to the Science Fair'),
(357, NULL, NULL, '6QI0EDIH', NULL, NULL, '0', 'password', '00001', NULL, '2011-02-01 10:22:21', 'Welcome to the Science Fair'),
(358, NULL, NULL, '9HS9RQWD', NULL, NULL, '0', 'password', '00001', NULL, '2011-02-01 10:22:21', 'Welcome to the Science Fair'),
(359, NULL, NULL, '86QBULIF', NULL, NULL, '0', 'password', '00001', NULL, '2011-02-01 10:22:21', 'Welcome to the Science Fair'),
(360, NULL, NULL, '5XI7H8JT', NULL, NULL, '0', 'password', '00001', NULL, '2011-02-01 10:22:21', 'Welcome to the Science Fair'),
(361, NULL, NULL, '9OVRTDXP', NULL, NULL, '0', 'password', '00001', NULL, '2011-02-01 10:22:21', 'Welcome to the Science Fair'),
(362, NULL, NULL, 'BAG44162', NULL, NULL, '0', 'password', '00001', NULL, '2011-02-01 10:22:21', 'Welcome to the Science Fair'),
(363, NULL, NULL, 'THM3P3H3', NULL, NULL, '0', 'password', '00001', NULL, '2011-02-01 10:22:21', 'Welcome to the Science Fair'),
(364, NULL, NULL, 'X5YPVWDG', NULL, NULL, '0', 'password', '00001', NULL, '2011-02-01 10:22:21', 'Welcome to the Science Fair'),
(365, NULL, NULL, 'ISCXEQ52', NULL, NULL, '0', 'password', '00001', NULL, '2011-02-01 10:22:21', 'Welcome to the Science Fair'),
(366, NULL, NULL, 'O9G28ALA', NULL, NULL, '0', 'password', '00001', NULL, '2011-02-01 10:22:21', 'Welcome to the Science Fair'),
(367, NULL, NULL, 'U34SLC5E', NULL, NULL, '0', 'password', '00001', NULL, '2011-02-01 10:22:21', 'Welcome to the Science Fair'),
(368, NULL, NULL, 'NPRP2J1K', NULL, NULL, '0', 'password', '00001', NULL, '2011-02-01 10:22:21', 'Welcome to the Science Fair'),
(369, NULL, NULL, 'WY7T9Z7G', NULL, NULL, '0', 'password', '00001', NULL, '2011-02-01 10:22:21', 'Welcome to the Science Fair'),
(370, NULL, NULL, 'VSR0FD4R', NULL, NULL, '0', 'password', '00001', NULL, '2011-02-01 10:22:21', 'Welcome to the Science Fair'),
(371, NULL, NULL, 'NEETLJVG', NULL, NULL, '0', 'password', '00001', NULL, '2011-02-01 10:22:21', 'Welcome to the Science Fair'),
(372, NULL, NULL, '9FA6Z2CW', NULL, NULL, '0', 'password', '00001', NULL, '2011-02-01 10:22:21', 'Welcome to the Science Fair'),
(373, NULL, NULL, 'GUDSB9X3', NULL, NULL, '0', 'password', '00001', NULL, '2011-02-01 10:22:21', 'Welcome to the Science Fair'),
(374, NULL, NULL, '5AJAYD0Y', NULL, NULL, '0', 'password', '00001', NULL, '2011-02-01 10:22:21', 'Welcome to the Science Fair'),
(375, NULL, NULL, '7L5YT979', NULL, NULL, '0', 'password', '00001', NULL, '2011-02-01 10:22:21', 'Welcome to the Science Fair'),
(376, NULL, NULL, 'OAJDP5UK', NULL, NULL, '0', 'password', '00001', NULL, '2011-02-01 10:22:21', 'Welcome to the Science Fair'),
(377, NULL, NULL, 'MSJT343B', NULL, NULL, '0', 'password', '00001', NULL, '2011-02-01 10:22:21', 'Welcome to the Science Fair'),
(378, NULL, NULL, 'QZNRS3OB', NULL, NULL, '0', 'password', '00001', NULL, '2011-02-01 10:22:21', 'Welcome to the Science Fair'),
(379, NULL, NULL, 'JC24XISK', NULL, NULL, '0', 'password', '00001', NULL, '2011-02-01 10:22:21', 'Welcome to the Science Fair'),
(380, NULL, NULL, 'SI2L0JEF', NULL, NULL, '0', 'password', '00001', NULL, '2011-02-01 10:22:21', 'Welcome to the Science Fair'),
(381, NULL, NULL, 'LX7TDG1K', NULL, NULL, '0', 'password', '00001', NULL, '2011-02-01 10:22:21', 'Welcome to the Science Fair'),
(382, NULL, NULL, '2BRRTZDY', NULL, NULL, '0', 'password', '00001', NULL, '2011-02-01 10:22:21', 'Welcome to the Science Fair'),
(383, NULL, NULL, '77ZA6HEF', NULL, NULL, '0', 'password', '00001', NULL, '2011-02-01 10:22:21', 'Welcome to the Science Fair'),
(384, NULL, NULL, '4SGID64B', NULL, NULL, '0', 'password', '00001', NULL, '2011-02-01 10:22:21', 'Welcome to the Science Fair'),
(385, NULL, NULL, 'N0MU9GD9', NULL, NULL, '0', 'password', '00001', NULL, '2011-02-01 10:22:21', 'Welcome to the Science Fair'),
(386, NULL, NULL, 'KYU6YPVF', NULL, NULL, '0', 'password', '00001', NULL, '2011-02-01 10:22:21', 'Welcome to the Science Fair'),
(387, NULL, NULL, 'FEDXB76D', NULL, NULL, '0', 'password', '00001', NULL, '2011-02-01 10:22:21', 'Welcome to the Science Fair'),
(388, NULL, NULL, '1YN9URX2', NULL, NULL, '0', 'password', '00001', NULL, '2011-02-01 10:22:21', 'Welcome to the Science Fair'),
(389, NULL, NULL, 'ACPVCLQK', NULL, NULL, '0', 'password', '00001', NULL, '2011-02-01 10:22:21', 'Welcome to the Science Fair'),
(390, NULL, NULL, 'X1ATYO9Y', NULL, NULL, '0', 'password', '00001', NULL, '2011-02-01 10:22:21', 'Welcome to the Science Fair'),
(391, NULL, NULL, 'VXXGWF8P', NULL, NULL, '0', 'password', '00001', NULL, '2011-02-01 10:22:21', 'Welcome to the Science Fair'),
(392, NULL, NULL, 'S2CHTHP6', NULL, NULL, '0', 'password', '00001', NULL, '2011-02-01 10:22:21', 'Welcome to the Science Fair');
INSERT INTO `int_users` (`pk_ID`, `lastName`, `firstName`, `username`, `displayName`, `email`, `active`, `password`, `auth_level`, `last_login`, `creation_date`, `message`) VALUES
(393, NULL, NULL, 'N7MP1QQJ', NULL, NULL, '0', 'password', '00001', NULL, '2011-02-01 10:22:21', 'Welcome to the Science Fair'),
(394, NULL, NULL, 'XNQ8PWZ7', NULL, NULL, '0', 'password', '00001', NULL, '2011-02-01 10:22:21', 'Welcome to the Science Fair'),
(395, NULL, NULL, 'U9XZUBB8', NULL, NULL, '0', 'password', '00001', NULL, '2011-02-01 10:22:21', 'Welcome to the Science Fair'),
(396, NULL, NULL, 'N2SRU6FX', NULL, NULL, '0', 'password', '00001', NULL, '2011-02-01 10:22:21', 'Welcome to the Science Fair'),
(397, NULL, NULL, '153F0G53', NULL, NULL, '0', 'password', '00001', NULL, '2011-02-01 10:22:21', 'Welcome to the Science Fair'),
(398, NULL, NULL, 'SWA67BIQ', NULL, NULL, '0', 'password', '00001', NULL, '2011-02-01 10:22:21', 'Welcome to the Science Fair'),
(399, NULL, NULL, 'P933C18R', NULL, NULL, '0', 'password', '00001', NULL, '2011-02-01 10:22:21', 'Welcome to the Science Fair'),
(400, NULL, NULL, '289IZES0', NULL, NULL, '0', 'password', '00001', NULL, '2011-02-01 10:22:21', 'Welcome to the Science Fair'),
(401, NULL, NULL, 'M02EAR45', NULL, NULL, '0', 'password', '00001', NULL, '2011-02-01 10:22:21', 'Welcome to the Science Fair'),
(402, NULL, NULL, 'Y0Q39FPM', NULL, NULL, '0', 'password', '00001', NULL, '2011-02-01 10:22:21', 'Welcome to the Science Fair'),
(403, NULL, NULL, '05UF6DIG', NULL, NULL, '0', 'password', '00001', NULL, '2011-02-01 10:22:21', 'Welcome to the Science Fair'),
(404, NULL, NULL, 'JBXJQJ3Z', NULL, NULL, '0', 'password', '00001', NULL, '2011-02-01 10:22:21', 'Welcome to the Science Fair'),
(405, NULL, NULL, 'K590X2JB', NULL, NULL, '0', 'password', '00001', NULL, '2011-02-01 10:22:21', 'Welcome to the Science Fair'),
(406, NULL, NULL, 'MFEK2HTH', NULL, NULL, '0', 'password', '00001', NULL, '2011-02-01 10:22:21', 'Welcome to the Science Fair'),
(407, NULL, NULL, 'ZXPOGC6W', NULL, NULL, '0', 'password', '00001', NULL, '2011-02-01 10:22:21', 'Welcome to the Science Fair'),
(408, NULL, NULL, '4OI8Q3XU', NULL, NULL, '0', 'password', '00001', NULL, '2011-02-01 10:22:21', 'Welcome to the Science Fair'),
(409, NULL, NULL, 'STBOFU9Y', NULL, NULL, '0', 'password', '00001', NULL, '2011-02-01 10:22:21', 'Welcome to the Science Fair'),
(410, NULL, NULL, '51AOYSQT', NULL, NULL, '0', 'password', '00001', NULL, '2011-02-01 10:22:21', 'Welcome to the Science Fair'),
(411, NULL, NULL, 'DLAP7EZ7', NULL, NULL, '0', 'password', '00001', NULL, '2011-02-01 10:22:21', 'Welcome to the Science Fair'),
(412, NULL, NULL, 'EXIWNEDP', NULL, NULL, '0', 'password', '00001', NULL, '2011-02-01 10:22:21', 'Welcome to the Science Fair'),
(413, NULL, NULL, '6RZ743YM', NULL, NULL, '0', 'password', '00001', NULL, '2011-02-01 10:22:21', 'Welcome to the Science Fair'),
(414, NULL, NULL, 'FMUZQPBV', NULL, NULL, '0', 'password', '00001', NULL, '2011-02-01 10:22:21', 'Welcome to the Science Fair'),
(415, NULL, NULL, 'JXOMUNYX', NULL, NULL, '0', 'password', '00001', NULL, '2011-02-01 10:22:21', 'Welcome to the Science Fair'),
(416, NULL, NULL, '9CJC2ECJ', NULL, NULL, '0', 'password', '00001', NULL, '2011-02-01 10:22:21', 'Welcome to the Science Fair'),
(417, NULL, NULL, 'IB34YGZ2', NULL, NULL, '0', 'password', '00001', NULL, '2011-02-01 10:22:21', 'Welcome to the Science Fair'),
(418, NULL, NULL, 'WFIATSXN', NULL, NULL, '0', 'password', '00001', NULL, '2011-02-01 10:22:21', 'Welcome to the Science Fair'),
(419, NULL, NULL, 'UMIC5A69', NULL, NULL, '0', 'password', '00001', NULL, '2011-02-01 10:22:21', 'Welcome to the Science Fair'),
(420, NULL, NULL, 'G7JEMHDE', NULL, NULL, '0', 'password', '00001', NULL, '2011-02-01 10:22:21', 'Welcome to the Science Fair'),
(421, NULL, NULL, '31Y4FM4W', NULL, NULL, '0', 'password', '00001', NULL, '2011-02-01 10:22:21', 'Welcome to the Science Fair'),
(422, NULL, NULL, 'BVEGRWZ5', NULL, NULL, '0', 'password', '00001', NULL, '2011-02-01 10:22:21', 'Welcome to the Science Fair'),
(423, NULL, NULL, '7NYQ58GP', NULL, NULL, '0', 'password', '00001', NULL, '2011-02-01 10:22:21', 'Welcome to the Science Fair'),
(424, NULL, NULL, 'DW1QJV1S', NULL, NULL, '0', 'password', '00001', NULL, '2011-02-01 10:22:21', 'Welcome to the Science Fair'),
(425, NULL, NULL, 'YX7U2TWV', NULL, NULL, '0', 'password', '00001', NULL, '2011-02-01 10:22:21', 'Welcome to the Science Fair'),
(426, NULL, NULL, 'PYA6WQ91', NULL, NULL, '0', 'password', '00001', NULL, '2011-02-01 10:22:21', 'Welcome to the Science Fair'),
(427, NULL, NULL, 'HZ31XDK8', NULL, NULL, '0', 'password', '00001', NULL, '2011-02-01 10:22:21', 'Welcome to the Science Fair'),
(428, NULL, NULL, '6US3AECZ', NULL, NULL, '0', 'password', '00001', NULL, '2011-02-01 10:22:21', 'Welcome to the Science Fair'),
(429, NULL, NULL, '7K86C142', NULL, NULL, '0', 'password', '00001', NULL, '2011-02-01 10:22:21', 'Welcome to the Science Fair'),
(430, NULL, NULL, 'U8MJPMX3', NULL, NULL, '0', 'password', '00001', NULL, '2011-02-01 10:22:21', 'Welcome to the Science Fair'),
(431, NULL, NULL, '6KDCPOH1', NULL, NULL, '0', 'password', '00001', NULL, '2011-02-01 10:22:21', 'Welcome to the Science Fair'),
(432, NULL, NULL, 'OX65I49P', NULL, NULL, '0', 'password', '00001', NULL, '2011-02-01 10:22:21', 'Welcome to the Science Fair'),
(433, NULL, NULL, 'Y0G9K9RN', NULL, NULL, '0', 'password', '00001', NULL, '2011-02-01 10:22:21', 'Welcome to the Science Fair'),
(434, NULL, NULL, 'ALV3HNKN', NULL, NULL, '0', 'password', '00001', NULL, '2011-02-01 10:22:21', 'Welcome to the Science Fair'),
(435, NULL, NULL, 'B6FBX6BE', NULL, NULL, '0', 'password', '00001', NULL, '2011-02-01 10:22:21', 'Welcome to the Science Fair'),
(436, NULL, NULL, 'FQQPRHOW', NULL, NULL, '0', 'password', '00001', NULL, '2011-02-01 10:22:21', 'Welcome to the Science Fair'),
(437, NULL, NULL, '3R3IA5Q8', NULL, NULL, '0', 'password', '00001', NULL, '2011-02-01 10:22:21', 'Welcome to the Science Fair'),
(438, NULL, NULL, 'LXNV4E15', NULL, NULL, '0', 'password', '00001', NULL, '2011-02-01 10:22:21', 'Welcome to the Science Fair'),
(439, NULL, NULL, 'WR3VEYFT', NULL, NULL, '0', 'password', '00001', NULL, '2011-02-01 10:22:21', 'Welcome to the Science Fair'),
(440, NULL, NULL, '67JYHRYE', NULL, NULL, '0', 'password', '00001', NULL, '2011-02-01 10:22:21', 'Welcome to the Science Fair'),
(441, NULL, NULL, 'P8XXQZ46', NULL, NULL, '0', 'password', '00001', NULL, '2011-02-01 10:22:21', 'Welcome to the Science Fair'),
(442, NULL, NULL, 'UT7QRATP', NULL, NULL, '0', 'password', '00001', NULL, '2011-02-01 10:22:21', 'Welcome to the Science Fair'),
(443, NULL, NULL, 'LKWVV9X7', NULL, NULL, '0', 'password', '00001', NULL, '2011-02-01 10:22:21', 'Welcome to the Science Fair'),
(444, NULL, NULL, 'AE74L4NS', NULL, NULL, '0', 'password', '00001', NULL, '2011-02-01 10:22:21', 'Welcome to the Science Fair'),
(445, NULL, NULL, 'T76R50QM', NULL, NULL, '0', 'password', '00001', NULL, '2011-02-01 10:22:21', 'Welcome to the Science Fair'),
(446, NULL, NULL, 'EWZHC1JM', NULL, NULL, '0', 'password', '00001', NULL, '2011-02-01 10:22:21', 'Welcome to the Science Fair'),
(447, NULL, NULL, 'QMQOSFWW', NULL, NULL, '0', 'password', '00001', NULL, '2011-02-01 10:22:21', 'Welcome to the Science Fair'),
(448, NULL, NULL, 'RED0E4IA', NULL, NULL, '0', 'password', '00001', NULL, '2011-02-01 10:22:21', 'Welcome to the Science Fair'),
(449, NULL, NULL, 'NCAGAVFI', NULL, NULL, '0', 'password', '00001', NULL, '2011-02-01 10:22:21', 'Welcome to the Science Fair'),
(450, NULL, NULL, 'XYW3DDL5', NULL, NULL, '0', 'password', '00001', NULL, '2011-02-01 10:22:21', 'Welcome to the Science Fair'),
(451, NULL, NULL, '6OTDA7CK', NULL, NULL, '0', 'password', '00001', NULL, '2011-02-01 10:22:21', 'Welcome to the Science Fair'),
(452, NULL, NULL, '121HW47S', NULL, NULL, '0', 'password', '00001', NULL, '2011-02-01 10:22:21', 'Welcome to the Science Fair'),
(453, NULL, NULL, 'JJDRHYWZ', NULL, NULL, '0', 'password', '00001', NULL, '2011-02-01 10:22:21', 'Welcome to the Science Fair'),
(454, NULL, NULL, '77CH22ZF', NULL, NULL, '0', 'password', '00001', NULL, '2011-02-01 10:22:21', 'Welcome to the Science Fair'),
(455, NULL, NULL, '6EPNNV77', NULL, NULL, '0', 'password', '00001', NULL, '2011-02-01 10:22:21', 'Welcome to the Science Fair'),
(456, NULL, NULL, 'OTJK7WS1', NULL, NULL, '0', 'password', '00001', NULL, '2011-02-01 10:22:22', 'Welcome to the Science Fair'),
(457, NULL, NULL, '8TF8YE45', NULL, NULL, '0', 'password', '00001', NULL, '2011-02-01 10:22:22', 'Welcome to the Science Fair'),
(458, NULL, NULL, '4RTE5LMM', NULL, NULL, '0', 'password', '00001', NULL, '2011-02-01 10:22:22', 'Welcome to the Science Fair'),
(459, NULL, NULL, 'U060986L', NULL, NULL, '0', 'password', '00001', NULL, '2011-02-01 10:22:22', 'Welcome to the Science Fair'),
(460, NULL, NULL, '78IG4CM7', NULL, NULL, '0', 'password', '00001', NULL, '2011-02-01 10:22:22', 'Welcome to the Science Fair'),
(461, NULL, NULL, 'F5WRER8V', NULL, NULL, '0', 'password', '00001', NULL, '2011-02-01 10:22:22', 'Welcome to the Science Fair'),
(462, NULL, NULL, '3MXUCQTN', NULL, NULL, '0', 'password', '00001', NULL, '2011-02-01 10:22:22', 'Welcome to the Science Fair'),
(463, NULL, NULL, 'DICZ4TNM', NULL, NULL, '0', 'password', '00001', NULL, '2011-02-01 10:22:22', 'Welcome to the Science Fair'),
(464, NULL, NULL, 'N8C6MBB5', NULL, NULL, '0', 'password', '00001', NULL, '2011-02-01 10:22:22', 'Welcome to the Science Fair'),
(465, NULL, NULL, 'S6OL4OOZ', NULL, NULL, '0', 'password', '00001', NULL, '2011-02-01 10:22:22', 'Welcome to the Science Fair'),
(466, NULL, NULL, '9H9QZHTY', NULL, NULL, '0', 'password', '00001', NULL, '2011-02-01 10:22:22', 'Welcome to the Science Fair'),
(467, NULL, NULL, '9OBPR066', NULL, NULL, '0', 'password', '00001', NULL, '2011-02-01 10:22:22', 'Welcome to the Science Fair'),
(468, NULL, NULL, 'CAGX6EZ6', NULL, NULL, '0', 'password', '00001', NULL, '2011-02-01 10:22:22', 'Welcome to the Science Fair'),
(469, NULL, NULL, 'F2JAC63O', NULL, NULL, '0', 'password', '00001', NULL, '2011-02-01 10:22:22', 'Welcome to the Science Fair'),
(470, NULL, NULL, 'Q22X0HUZ', NULL, NULL, '0', 'password', '00001', NULL, '2011-02-01 10:22:22', 'Welcome to the Science Fair'),
(471, NULL, NULL, 'C3RHD66W', NULL, NULL, '0', 'password', '00001', NULL, '2011-02-01 10:22:22', 'Welcome to the Science Fair'),
(472, NULL, NULL, 'YHA5QG2G', NULL, NULL, '0', 'password', '00001', NULL, '2011-02-01 10:22:22', 'Welcome to the Science Fair'),
(473, NULL, NULL, 'KTT5F95P', NULL, NULL, '0', 'password', '00001', NULL, '2011-02-01 10:22:22', 'Welcome to the Science Fair'),
(474, NULL, NULL, 'Y7Q7X7J2', NULL, NULL, '0', 'password', '00001', NULL, '2011-02-01 10:22:22', 'Welcome to the Science Fair'),
(475, NULL, NULL, 'JQ4G56OE', NULL, NULL, '0', 'password', '00001', NULL, '2011-02-01 10:22:22', 'Welcome to the Science Fair'),
(476, NULL, NULL, '9W2J0VMP', NULL, NULL, '0', 'password', '00001', NULL, '2011-02-01 10:22:22', 'Welcome to the Science Fair'),
(477, NULL, NULL, 'I52UK4BO', NULL, NULL, '0', 'password', '00001', NULL, '2011-02-01 10:22:22', 'Welcome to the Science Fair'),
(478, NULL, NULL, '4RJTPAON', NULL, NULL, '0', 'password', '00001', NULL, '2011-02-01 10:22:22', 'Welcome to the Science Fair'),
(479, NULL, NULL, 'QP2GSX4I', NULL, NULL, '0', 'password', '00001', NULL, '2011-02-01 10:22:22', 'Welcome to the Science Fair'),
(480, NULL, NULL, 'KXKQFH2M', NULL, NULL, '0', 'password', '00001', NULL, '2011-02-01 10:22:22', 'Welcome to the Science Fair'),
(481, NULL, NULL, 'EZUPF4D7', NULL, NULL, '0', 'password', '00001', NULL, '2011-02-01 10:22:22', 'Welcome to the Science Fair'),
(482, NULL, NULL, 'P2JNGOFE', NULL, NULL, '0', 'password', '00001', NULL, '2011-02-01 10:22:22', 'Welcome to the Science Fair'),
(483, NULL, NULL, '4OAGWROH', NULL, NULL, '0', 'password', '00001', NULL, '2011-02-01 10:22:22', 'Welcome to the Science Fair'),
(484, NULL, NULL, 'GWKA0Q4R', NULL, NULL, '0', 'password', '00001', NULL, '2011-02-01 10:22:22', 'Welcome to the Science Fair'),
(485, NULL, NULL, '8STZGWE7', NULL, NULL, '0', 'password', '00001', NULL, '2011-02-01 10:22:22', 'Welcome to the Science Fair'),
(486, NULL, NULL, 'LO0RRADA', NULL, NULL, '0', 'password', '00001', NULL, '2011-02-01 10:22:22', 'Welcome to the Science Fair'),
(487, NULL, NULL, '63I1CJ73', NULL, NULL, '0', 'password', '00001', NULL, '2011-02-01 10:22:22', 'Welcome to the Science Fair'),
(488, NULL, NULL, 'DJBC6VCC', NULL, NULL, '0', 'password', '00001', NULL, '2011-02-01 10:22:22', 'Welcome to the Science Fair'),
(489, NULL, NULL, '4J0SW9FC', NULL, NULL, '0', 'password', '00001', NULL, '2011-02-01 10:22:22', 'Welcome to the Science Fair'),
(490, NULL, NULL, '0YLWX3CL', NULL, NULL, '0', 'password', '00001', NULL, '2011-02-01 10:22:22', 'Welcome to the Science Fair'),
(491, NULL, NULL, '8AJ20IJP', NULL, NULL, '0', 'password', '00001', NULL, '2011-02-01 10:22:22', 'Welcome to the Science Fair'),
(492, NULL, NULL, 'Z4NS1CFX', NULL, NULL, '0', 'password', '00001', NULL, '2011-02-01 10:22:22', 'Welcome to the Science Fair'),
(493, NULL, NULL, '14LJQBZM', NULL, NULL, '0', 'password', '00001', NULL, '2011-02-01 10:22:22', 'Welcome to the Science Fair'),
(494, NULL, NULL, '1UT7I5KH', NULL, NULL, '0', 'password', '00001', NULL, '2011-02-01 10:22:22', 'Welcome to the Science Fair'),
(495, NULL, NULL, 'YID4LSSP', NULL, NULL, '0', 'password', '00001', NULL, '2011-02-01 10:22:22', 'Welcome to the Science Fair'),
(496, NULL, NULL, 'TPLLP8W6', NULL, NULL, '0', 'password', '00001', NULL, '2011-02-01 10:22:22', 'Welcome to the Science Fair'),
(497, NULL, NULL, 'SJ1KYMJ9', NULL, NULL, '0', 'password', '00001', NULL, '2011-02-01 10:22:22', 'Welcome to the Science Fair'),
(498, NULL, NULL, '66UEMP4N', NULL, NULL, '0', 'password', '00001', NULL, '2011-02-01 10:22:22', 'Welcome to the Science Fair'),
(499, NULL, NULL, 'KL9MAKNB', NULL, NULL, '0', 'password', '00001', NULL, '2011-02-01 10:22:22', 'Welcome to the Science Fair'),
(500, NULL, NULL, '0OPVZD4Z', NULL, NULL, '0', 'password', '00001', NULL, '2011-02-01 10:22:22', 'Welcome to the Science Fair'),
(501, NULL, NULL, '9GHOH5EX', NULL, NULL, '0', 'password', '00001', NULL, '2011-02-01 10:22:22', 'Welcome to the Science Fair'),
(502, NULL, NULL, '9LBLIQLC', NULL, NULL, '0', 'password', '00001', NULL, '2011-02-01 10:22:22', 'Welcome to the Science Fair'),
(503, NULL, NULL, 'LTHGZB8T', NULL, NULL, '0', 'password', '00001', NULL, '2011-02-01 10:22:22', 'Welcome to the Science Fair'),
(504, NULL, NULL, 'OSBM947G', NULL, NULL, '0', 'password', '00001', NULL, '2011-02-01 10:22:22', 'Welcome to the Science Fair'),
(505, NULL, NULL, 'SRFIXHDQ', NULL, NULL, '0', 'password', '00001', NULL, '2011-02-01 10:22:22', 'Welcome to the Science Fair'),
(506, NULL, NULL, 'RV0AXD6M', NULL, NULL, '0', 'password', '00001', NULL, '2011-02-01 10:22:22', 'Welcome to the Science Fair'),
(507, NULL, NULL, 'FLJBGL6E', NULL, NULL, '0', 'password', '00001', NULL, '2011-02-01 10:22:22', 'Welcome to the Science Fair'),
(508, NULL, NULL, 'L98RU80W', NULL, NULL, '0', 'password', '00001', NULL, '2011-02-01 10:22:22', 'Welcome to the Science Fair'),
(509, NULL, NULL, 'DHWYTT3K', NULL, NULL, '0', 'password', '00001', NULL, '2011-02-01 10:22:22', 'Welcome to the Science Fair'),
(510, NULL, NULL, 'R4KC76CY', NULL, NULL, '0', 'password', '00001', NULL, '2011-02-01 10:22:22', 'Welcome to the Science Fair'),
(511, NULL, NULL, '0XXYALLU', NULL, NULL, '0', 'password', '00001', NULL, '2011-02-01 10:22:22', 'Welcome to the Science Fair'),
(512, NULL, NULL, 'JNIQFZBL', NULL, NULL, '0', 'password', '00001', NULL, '2011-02-01 10:22:22', 'Welcome to the Science Fair'),
(513, NULL, NULL, 'RPP1IEHE', NULL, NULL, '0', 'password', '00001', NULL, '2011-02-01 10:22:22', 'Welcome to the Science Fair'),
(514, NULL, NULL, 'BTL0XDU0', NULL, NULL, '0', 'password', '00001', NULL, '2011-02-01 10:22:22', 'Welcome to the Science Fair'),
(515, NULL, NULL, '4M4M00M4', NULL, NULL, '0', 'password', '00001', NULL, '2011-02-01 10:22:22', 'Welcome to the Science Fair'),
(516, NULL, NULL, '93A2QUQT', NULL, NULL, '0', 'password', '00001', NULL, '2011-02-01 10:22:22', 'Welcome to the Science Fair'),
(517, NULL, NULL, 'ZYOQ2C6A', NULL, NULL, '0', 'password', '00001', NULL, '2011-02-01 10:22:22', 'Welcome to the Science Fair'),
(518, NULL, NULL, 'PSAKI5DO', NULL, NULL, '0', 'password', '00001', NULL, '2011-02-01 10:22:22', 'Welcome to the Science Fair'),
(519, NULL, NULL, '1IHERYLQ', NULL, NULL, '0', 'password', '00001', NULL, '2011-02-01 10:22:22', 'Welcome to the Science Fair'),
(520, NULL, NULL, 'CVDF6C61', NULL, NULL, '0', 'password', '00001', NULL, '2011-02-01 10:22:22', 'Welcome to the Science Fair'),
(521, NULL, NULL, 'TYBEGZJM', NULL, NULL, '0', 'password', '00001', NULL, '2011-02-01 10:22:22', 'Welcome to the Science Fair'),
(522, NULL, NULL, 'A7BW62DD', NULL, NULL, '0', 'password', '00001', NULL, '2011-02-01 10:22:22', 'Welcome to the Science Fair'),
(523, NULL, NULL, 'X7UETQ1I', NULL, NULL, '0', 'password', '00001', NULL, '2011-02-01 10:22:22', 'Welcome to the Science Fair'),
(524, NULL, NULL, 'W55XFM12', NULL, NULL, '0', 'password', '00001', NULL, '2011-02-01 10:22:22', 'Welcome to the Science Fair'),
(525, NULL, NULL, 'TTKS4I8K', NULL, NULL, '0', 'password', '00001', NULL, '2011-02-01 10:22:22', 'Welcome to the Science Fair'),
(526, NULL, NULL, 'UTK2HI5X', NULL, NULL, '0', 'password', '00001', NULL, '2011-02-01 10:22:22', 'Welcome to the Science Fair'),
(527, NULL, NULL, 'LBDZG57D', NULL, NULL, '0', 'password', '00001', NULL, '2011-02-01 10:22:22', 'Welcome to the Science Fair'),
(528, NULL, NULL, '1GJXM0ZM', NULL, NULL, '0', 'password', '00001', NULL, '2011-02-01 10:22:22', 'Welcome to the Science Fair'),
(529, NULL, NULL, 'NDXX2PWY', NULL, NULL, '0', 'password', '00001', NULL, '2011-02-01 10:22:22', 'Welcome to the Science Fair'),
(530, NULL, NULL, 'GYDHWB1R', NULL, NULL, '0', 'password', '00001', NULL, '2011-02-01 10:22:22', 'Welcome to the Science Fair'),
(531, NULL, NULL, 'TCLCJ6UB', NULL, NULL, '0', 'password', '00001', NULL, '2011-02-01 10:22:22', 'Welcome to the Science Fair'),
(532, NULL, NULL, 'AO0NL5RE', NULL, NULL, '0', 'password', '00001', NULL, '2011-02-01 10:22:22', 'Welcome to the Science Fair'),
(533, NULL, NULL, 'ER4JNAZL', NULL, NULL, '0', 'password', '00001', NULL, '2011-02-01 10:22:22', 'Welcome to the Science Fair'),
(534, NULL, NULL, 'AYIYYTEI', NULL, NULL, '0', 'password', '00001', NULL, '2011-02-01 10:22:22', 'Welcome to the Science Fair'),
(535, NULL, NULL, '5PXEZNVW', NULL, NULL, '0', 'password', '00001', NULL, '2011-02-01 10:22:22', 'Welcome to the Science Fair'),
(536, NULL, NULL, 'G9IMN6QM', NULL, NULL, '0', 'password', '00001', NULL, '2011-02-01 10:22:22', 'Welcome to the Science Fair'),
(537, NULL, NULL, 'VOVXQVQP', NULL, NULL, '0', 'password', '00001', NULL, '2011-02-01 10:22:22', 'Welcome to the Science Fair'),
(538, NULL, NULL, 'QHBJR607', NULL, NULL, '0', 'password', '00001', NULL, '2011-02-01 10:22:22', 'Welcome to the Science Fair'),
(539, NULL, NULL, 'S6FO211W', NULL, NULL, '0', 'password', '00001', NULL, '2011-02-01 10:22:22', 'Welcome to the Science Fair'),
(540, NULL, NULL, 'Z8ZMXRFT', NULL, NULL, '0', 'password', '00001', NULL, '2011-02-01 10:22:22', 'Welcome to the Science Fair'),
(541, NULL, NULL, 'YZ5LBTL6', NULL, NULL, '0', 'password', '00001', NULL, '2011-02-01 10:22:22', 'Welcome to the Science Fair'),
(542, NULL, NULL, 'TKGWWKA7', NULL, NULL, '0', 'password', '00001', NULL, '2011-02-01 10:22:22', 'Welcome to the Science Fair'),
(543, NULL, NULL, '0OL2AVXR', NULL, NULL, '0', 'password', '00001', NULL, '2011-02-01 10:22:22', 'Welcome to the Science Fair'),
(544, NULL, NULL, '7724HJNH', NULL, NULL, '0', 'password', '00001', NULL, '2011-02-01 10:22:22', 'Welcome to the Science Fair'),
(545, NULL, NULL, 'YG9BFRV8', NULL, NULL, '0', 'password', '00001', NULL, '2011-02-01 10:22:22', 'Welcome to the Science Fair'),
(546, NULL, NULL, 'F1H8GJCW', NULL, NULL, '0', 'password', '00001', NULL, '2011-02-01 10:22:22', 'Welcome to the Science Fair'),
(547, NULL, NULL, '7T5DNRN9', NULL, NULL, '0', 'password', '00001', NULL, '2011-02-01 10:22:22', 'Welcome to the Science Fair'),
(548, NULL, NULL, '84EVANYT', NULL, NULL, '0', 'password', '00001', NULL, '2011-02-01 10:22:22', 'Welcome to the Science Fair'),
(549, NULL, NULL, 'TZH3DQDE', NULL, NULL, '0', 'password', '00001', NULL, '2011-02-01 10:22:22', 'Welcome to the Science Fair'),
(550, NULL, NULL, '3667ZPGV', NULL, NULL, '0', 'password', '00001', NULL, '2011-02-01 10:22:22', 'Welcome to the Science Fair'),
(551, NULL, NULL, 'PNMKRYDU', NULL, NULL, '0', 'password', '00001', NULL, '2011-02-01 10:22:22', 'Welcome to the Science Fair'),
(552, NULL, NULL, 'PM97O7VO', NULL, NULL, '0', 'password', '00001', NULL, '2011-02-01 10:22:22', 'Welcome to the Science Fair'),
(553, NULL, NULL, '90OUPQQ6', NULL, NULL, '0', 'password', '00001', NULL, '2011-02-01 10:22:22', 'Welcome to the Science Fair'),
(554, NULL, NULL, 'QMVU1SZC', NULL, NULL, '0', 'password', '00001', NULL, '2011-02-01 10:22:22', 'Welcome to the Science Fair'),
(555, NULL, NULL, 'S9W0O0AP', NULL, NULL, '0', 'password', '00001', NULL, '2011-02-01 10:22:22', 'Welcome to the Science Fair'),
(556, NULL, NULL, 'JL1HJI6G', NULL, NULL, '0', 'password', '00001', NULL, '2011-02-01 10:22:22', 'Welcome to the Science Fair'),
(557, NULL, NULL, 'ROEBG6EF', NULL, NULL, '0', 'password', '00001', NULL, '2011-02-01 10:22:22', 'Welcome to the Science Fair'),
(558, NULL, NULL, 'OPG4JCFR', NULL, NULL, '0', 'password', '00001', NULL, '2011-02-01 10:22:22', 'Welcome to the Science Fair'),
(559, NULL, NULL, 'UFIGPOGG', NULL, NULL, '0', 'password', '00001', NULL, '2011-02-01 10:22:22', 'Welcome to the Science Fair'),
(560, NULL, NULL, 'EPC40XGN', NULL, NULL, '0', 'password', '00001', NULL, '2011-02-01 10:22:22', 'Welcome to the Science Fair'),
(561, NULL, NULL, 'ZTE7ORZG', NULL, NULL, '0', 'password', '00001', NULL, '2011-02-01 10:22:22', 'Welcome to the Science Fair'),
(562, NULL, NULL, '9R5TGFWG', NULL, NULL, '0', 'password', '00001', NULL, '2011-02-01 10:22:22', 'Welcome to the Science Fair'),
(563, NULL, NULL, 'DLIOEBR9', NULL, NULL, '0', 'password', '00001', NULL, '2011-02-01 10:22:22', 'Welcome to the Science Fair'),
(564, NULL, NULL, 'I2LTEG0Q', NULL, NULL, '0', 'password', '00001', NULL, '2011-02-01 10:22:22', 'Welcome to the Science Fair'),
(565, NULL, NULL, 'CDQLBHIA', NULL, NULL, '0', 'password', '00001', NULL, '2011-02-01 10:22:22', 'Welcome to the Science Fair'),
(566, NULL, NULL, '55FUCRPA', NULL, NULL, '0', 'password', '00001', NULL, '2011-02-01 10:22:22', 'Welcome to the Science Fair'),
(567, NULL, NULL, 'QRZ9WK4U', NULL, NULL, '0', 'password', '00001', NULL, '2011-02-01 10:22:22', 'Welcome to the Science Fair'),
(568, NULL, NULL, '29JNAEVI', NULL, NULL, '0', 'password', '00001', NULL, '2011-02-01 10:22:22', 'Welcome to the Science Fair'),
(569, NULL, NULL, 'GN5ELZ2E', NULL, NULL, '0', 'password', '00001', NULL, '2011-02-01 10:22:22', 'Welcome to the Science Fair'),
(570, NULL, NULL, 'NDCMKKZ7', NULL, NULL, '0', 'password', '00001', NULL, '2011-02-01 10:22:22', 'Welcome to the Science Fair'),
(571, NULL, NULL, 'C2XE64BH', NULL, NULL, '0', 'password', '00001', NULL, '2011-02-01 10:22:22', 'Welcome to the Science Fair'),
(572, NULL, NULL, '4GGQQ05X', NULL, NULL, '0', 'password', '00001', NULL, '2011-02-01 10:22:22', 'Welcome to the Science Fair'),
(573, NULL, NULL, 'T3FHWUCA', NULL, NULL, '0', 'password', '00001', NULL, '2011-02-01 10:22:22', 'Welcome to the Science Fair'),
(574, NULL, NULL, 'OL12QO21', NULL, NULL, '0', 'password', '00001', NULL, '2011-02-01 10:22:22', 'Welcome to the Science Fair'),
(575, NULL, NULL, '6KO4WRZN', NULL, NULL, '0', 'password', '00001', NULL, '2011-02-01 10:22:22', 'Welcome to the Science Fair'),
(576, NULL, NULL, 'Q1F38MHC', NULL, NULL, '0', 'password', '00001', NULL, '2011-02-01 10:22:22', 'Welcome to the Science Fair'),
(577, NULL, NULL, 'GDC2IMRF', NULL, NULL, '0', 'password', '00001', NULL, '2011-02-01 10:22:22', 'Welcome to the Science Fair'),
(578, NULL, NULL, 'CO2HCWWQ', NULL, NULL, '0', 'password', '00001', NULL, '2011-02-01 10:22:22', 'Welcome to the Science Fair'),
(579, NULL, NULL, '7N8I7DX4', NULL, NULL, '0', 'password', '00001', NULL, '2011-02-01 10:22:22', 'Welcome to the Science Fair'),
(580, NULL, NULL, 'DJSMRBGB', NULL, NULL, '0', 'password', '00001', NULL, '2011-02-01 10:22:22', 'Welcome to the Science Fair'),
(581, NULL, NULL, '8DSU6YX5', NULL, NULL, '0', 'password', '00001', NULL, '2011-02-01 10:22:22', 'Welcome to the Science Fair'),
(582, NULL, NULL, 'JICWI308', NULL, NULL, '0', 'password', '00001', NULL, '2011-02-01 10:22:22', 'Welcome to the Science Fair'),
(583, NULL, NULL, 'WY59IX0S', NULL, NULL, '0', 'password', '00001', NULL, '2011-02-01 10:22:22', 'Welcome to the Science Fair'),
(584, NULL, NULL, '8I75OG55', NULL, NULL, '0', 'password', '00001', NULL, '2011-02-01 10:22:22', 'Welcome to the Science Fair'),
(585, NULL, NULL, 'BGJO5V2S', NULL, NULL, '0', 'password', '00001', NULL, '2011-02-01 10:22:22', 'Welcome to the Science Fair'),
(586, NULL, NULL, 'LZ1QQFS4', NULL, NULL, '0', 'password', '00001', NULL, '2011-02-01 10:22:22', 'Welcome to the Science Fair'),
(587, NULL, NULL, 'LXFJLJW7', NULL, NULL, '0', 'password', '00001', NULL, '2011-02-01 10:22:22', 'Welcome to the Science Fair'),
(588, NULL, NULL, 'DF0QUK5K', NULL, NULL, '0', 'password', '00001', NULL, '2011-02-01 10:22:22', 'Welcome to the Science Fair'),
(589, NULL, NULL, 'BTLPQTZ0', NULL, NULL, '0', 'password', '00001', NULL, '2011-02-01 10:22:22', 'Welcome to the Science Fair'),
(590, NULL, NULL, '1JNJYX0F', NULL, NULL, '0', 'password', '00001', NULL, '2011-02-01 10:22:22', 'Welcome to the Science Fair'),
(591, NULL, NULL, 'HH23G97D', NULL, NULL, '0', 'password', '00001', NULL, '2011-02-01 10:22:22', 'Welcome to the Science Fair'),
(592, NULL, NULL, 'IG7LXG7V', NULL, NULL, '0', 'password', '00001', NULL, '2011-02-01 10:22:22', 'Welcome to the Science Fair'),
(593, NULL, NULL, 'HN6CLJJ8', NULL, NULL, '0', 'password', '00001', NULL, '2011-02-01 10:22:22', 'Welcome to the Science Fair'),
(594, NULL, NULL, 'KFSGMLTR', NULL, NULL, '0', 'password', '00001', NULL, '2011-02-01 10:22:22', 'Welcome to the Science Fair'),
(595, NULL, NULL, 'YKI60LIT', NULL, NULL, '0', 'password', '00001', NULL, '2011-02-01 10:22:22', 'Welcome to the Science Fair'),
(596, NULL, NULL, '8BS154WH', NULL, NULL, '0', 'password', '00001', NULL, '2011-02-01 10:22:22', 'Welcome to the Science Fair'),
(597, NULL, NULL, 'L061MY3E', NULL, NULL, '0', 'password', '00001', NULL, '2011-02-01 10:22:22', 'Welcome to the Science Fair'),
(598, NULL, NULL, 'ILEG8EZH', NULL, NULL, '0', 'password', '00001', NULL, '2011-02-01 10:22:22', 'Welcome to the Science Fair'),
(599, NULL, NULL, 'IVZ74OSH', NULL, NULL, '0', 'password', '00001', NULL, '2011-02-01 10:22:22', 'Welcome to the Science Fair'),
(600, NULL, NULL, 'IAF2FC7G', NULL, NULL, '0', 'password', '00001', NULL, '2011-02-01 10:22:22', 'Welcome to the Science Fair'),
(601, NULL, NULL, '2GHXEDZG', NULL, NULL, '0', 'password', '00001', NULL, '2011-02-01 10:22:22', 'Welcome to the Science Fair'),
(602, NULL, NULL, 'EVFFEP1D', NULL, NULL, '0', 'password', '00001', NULL, '2011-02-01 10:22:22', 'Welcome to the Science Fair'),
(603, NULL, NULL, 'Y79RSXU7', NULL, NULL, '0', 'password', '00001', NULL, '2011-02-01 10:22:22', 'Welcome to the Science Fair'),
(604, NULL, NULL, 'EJK1QZDM', NULL, NULL, '0', 'password', '00001', NULL, '2011-02-01 10:22:22', 'Welcome to the Science Fair'),
(605, NULL, NULL, '69JJ7TYS', NULL, NULL, '0', 'password', '00001', NULL, '2011-02-01 10:22:22', 'Welcome to the Science Fair'),
(606, NULL, NULL, '2C5YNXVQ', NULL, NULL, '0', 'password', '00001', NULL, '2011-02-01 10:22:22', 'Welcome to the Science Fair'),
(607, NULL, NULL, 'YFWCG1R1', NULL, NULL, '0', 'password', '00001', NULL, '2011-02-01 10:22:22', 'Welcome to the Science Fair'),
(608, NULL, NULL, 'E5JLQA1S', NULL, NULL, '0', 'password', '00001', NULL, '2011-02-01 10:22:22', 'Welcome to the Science Fair'),
(609, NULL, NULL, 'F09WBIPC', NULL, NULL, '0', 'password', '00001', NULL, '2011-02-01 10:22:22', 'Welcome to the Science Fair'),
(610, NULL, NULL, 'SOMD3JAY', NULL, NULL, '0', 'password', '00001', NULL, '2011-02-01 10:22:22', 'Welcome to the Science Fair'),
(611, NULL, NULL, 'XRXTXSTP', NULL, NULL, '0', 'password', '00001', NULL, '2011-02-01 10:22:22', 'Welcome to the Science Fair'),
(612, NULL, NULL, '7GWV7S0U', NULL, NULL, '0', 'password', '00001', NULL, '2011-02-01 10:22:22', 'Welcome to the Science Fair'),
(613, NULL, NULL, 'IMXJMW3X', NULL, NULL, '0', 'password', '00001', NULL, '2011-02-01 10:22:22', 'Welcome to the Science Fair'),
(614, NULL, NULL, 'LOGI3FAK', NULL, NULL, '0', 'password', '00001', NULL, '2011-02-01 10:22:22', 'Welcome to the Science Fair'),
(615, NULL, NULL, 'TNAVUTOW', NULL, NULL, '0', 'password', '00001', NULL, '2011-02-01 10:22:22', 'Welcome to the Science Fair'),
(616, NULL, NULL, '5TBIEN9K', NULL, NULL, '0', 'password', '00001', NULL, '2011-02-01 10:22:22', 'Welcome to the Science Fair'),
(617, NULL, NULL, 'YICWFMCS', NULL, NULL, '0', 'password', '00001', NULL, '2011-02-01 10:22:22', 'Welcome to the Science Fair'),
(618, NULL, NULL, 'L2PVYXUJ', NULL, NULL, '0', 'password', '00001', NULL, '2011-02-01 10:22:22', 'Welcome to the Science Fair'),
(619, NULL, NULL, 'KS4LGHHY', NULL, NULL, '0', 'password', '00001', NULL, '2011-02-01 10:22:22', 'Welcome to the Science Fair'),
(620, NULL, NULL, 'KQGQ60T6', NULL, NULL, '0', 'password', '00001', NULL, '2011-02-01 10:22:22', 'Welcome to the Science Fair'),
(621, NULL, NULL, 'X86WQ5MJ', NULL, NULL, '0', 'password', '00001', NULL, '2011-02-01 10:22:22', 'Welcome to the Science Fair'),
(622, NULL, NULL, 'VONC4GFD', NULL, NULL, '0', 'password', '00001', NULL, '2011-02-01 10:22:22', 'Welcome to the Science Fair'),
(623, NULL, NULL, 'I87OLON7', NULL, NULL, '0', 'password', '00001', NULL, '2011-02-01 10:22:22', 'Welcome to the Science Fair'),
(624, NULL, NULL, '31FOFAOS', NULL, NULL, '0', 'password', '00001', NULL, '2011-02-01 10:22:22', 'Welcome to the Science Fair'),
(625, NULL, NULL, '9OOQZGY7', NULL, NULL, '0', 'password', '00001', NULL, '2011-02-01 10:22:22', 'Welcome to the Science Fair'),
(626, NULL, NULL, 'L8DG1XOG', NULL, NULL, '0', 'password', '00001', NULL, '2011-02-01 10:22:22', 'Welcome to the Science Fair'),
(627, NULL, NULL, 'T9KRNTV3', NULL, NULL, '0', 'password', '00001', NULL, '2011-02-01 10:22:22', 'Welcome to the Science Fair'),
(628, NULL, NULL, 'O9KVI3P2', NULL, NULL, '0', 'password', '00001', NULL, '2011-02-01 10:22:22', 'Welcome to the Science Fair'),
(629, NULL, NULL, 'N2CJY9RV', NULL, NULL, '0', 'password', '00001', NULL, '2011-02-01 10:22:22', 'Welcome to the Science Fair'),
(630, NULL, NULL, '50UZE3IL', NULL, NULL, '0', 'password', '00001', NULL, '2011-02-01 10:22:22', 'Welcome to the Science Fair'),
(631, NULL, NULL, 'C6DUH11Y', NULL, NULL, '0', 'password', '00001', NULL, '2011-02-01 10:22:22', 'Welcome to the Science Fair'),
(632, NULL, NULL, '5QWOQW4K', NULL, NULL, '0', 'password', '00001', NULL, '2011-02-01 10:22:22', 'Welcome to the Science Fair'),
(633, NULL, NULL, '32FEC5YX', NULL, NULL, '0', 'password', '00001', NULL, '2011-02-01 10:22:22', 'Welcome to the Science Fair'),
(634, NULL, NULL, 'OF8U2RSS', NULL, NULL, '0', 'password', '00001', NULL, '2011-02-01 10:22:22', 'Welcome to the Science Fair'),
(635, NULL, NULL, 'A73I44OG', NULL, NULL, '0', 'password', '00001', NULL, '2011-02-01 10:22:22', 'Welcome to the Science Fair'),
(636, NULL, NULL, 'I4DAVKY9', NULL, NULL, '0', 'password', '00001', NULL, '2011-02-01 10:22:22', 'Welcome to the Science Fair'),
(637, NULL, NULL, 'PP6CS7Y0', NULL, NULL, '0', 'password', '00001', NULL, '2011-02-01 10:22:22', 'Welcome to the Science Fair'),
(638, NULL, NULL, '9U6C99VP', NULL, NULL, '0', 'password', '00001', NULL, '2011-02-01 10:22:22', 'Welcome to the Science Fair'),
(639, NULL, NULL, 'SORAAPSO', NULL, NULL, '0', 'password', '00001', NULL, '2011-02-01 10:22:22', 'Welcome to the Science Fair'),
(640, NULL, NULL, '1NC96CRN', NULL, NULL, '0', 'password', '00001', NULL, '2011-02-01 10:22:22', 'Welcome to the Science Fair'),
(641, NULL, NULL, 'S2JOBH9B', NULL, NULL, '0', 'password', '00001', NULL, '2011-02-01 10:22:22', 'Welcome to the Science Fair'),
(642, NULL, NULL, 'ABGA0KES', NULL, NULL, '0', 'password', '00001', NULL, '2011-02-01 10:22:22', 'Welcome to the Science Fair'),
(643, NULL, NULL, '5LF7TPZS', NULL, NULL, '0', 'password', '00001', NULL, '2011-02-01 10:22:22', 'Welcome to the Science Fair'),
(644, NULL, NULL, 'CGTQ1CIC', NULL, NULL, '0', 'password', '00001', NULL, '2011-02-01 10:22:22', 'Welcome to the Science Fair'),
(645, NULL, NULL, '58OAFGB8', NULL, NULL, '0', 'password', '00001', NULL, '2011-02-01 10:22:22', 'Welcome to the Science Fair'),
(646, NULL, NULL, 'LNARU9MH', NULL, NULL, '0', 'password', '00001', NULL, '2011-02-01 10:22:22', 'Welcome to the Science Fair'),
(647, NULL, NULL, 'RQD4PC6Y', NULL, NULL, '0', 'password', '00001', NULL, '2011-02-01 10:22:22', 'Welcome to the Science Fair'),
(648, NULL, NULL, '49XWI78H', NULL, NULL, '0', 'password', '00001', NULL, '2011-02-01 10:22:22', 'Welcome to the Science Fair'),
(649, NULL, NULL, 'GT3FQNDP', NULL, NULL, '0', 'password', '00001', NULL, '2011-02-01 10:22:22', 'Welcome to the Science Fair'),
(650, NULL, NULL, 'VZ87JKVW', NULL, NULL, '0', 'password', '00001', NULL, '2011-02-01 10:22:22', 'Welcome to the Science Fair'),
(651, NULL, NULL, '04VP01V8', NULL, NULL, '0', 'password', '00001', NULL, '2011-02-01 10:22:22', 'Welcome to the Science Fair'),
(652, NULL, NULL, 'XGYG5E4N', NULL, NULL, '0', 'password', '00001', NULL, '2011-02-01 10:22:22', 'Welcome to the Science Fair'),
(653, NULL, NULL, '1TAISRMK', NULL, NULL, '0', 'password', '00001', NULL, '2011-02-01 10:22:22', 'Welcome to the Science Fair'),
(654, NULL, NULL, '0I9FR5K8', NULL, NULL, '0', 'password', '00001', NULL, '2011-02-01 10:22:22', 'Welcome to the Science Fair'),
(655, NULL, NULL, '5UJ3CT2K', NULL, NULL, '0', 'password', '00001', NULL, '2011-02-01 10:22:22', 'Welcome to the Science Fair'),
(656, NULL, NULL, 'JO65G160', NULL, NULL, '0', 'password', '00001', NULL, '2011-02-01 10:22:22', 'Welcome to the Science Fair'),
(657, NULL, NULL, 'BQBVF0FN', NULL, NULL, '0', 'password', '00001', NULL, '2011-02-01 10:22:22', 'Welcome to the Science Fair'),
(658, NULL, NULL, '3W7ABB9J', NULL, NULL, '0', 'password', '00001', NULL, '2011-02-01 10:22:22', 'Welcome to the Science Fair'),
(659, NULL, NULL, 'M4J5OJAZ', NULL, NULL, '0', 'password', '00001', NULL, '2011-02-01 10:22:22', 'Welcome to the Science Fair'),
(660, NULL, NULL, '5DJRHVW5', NULL, NULL, '0', 'password', '00001', NULL, '2011-02-01 10:22:22', 'Welcome to the Science Fair'),
(661, NULL, NULL, 'O5W7XIWF', NULL, NULL, '0', 'password', '00001', NULL, '2011-02-01 10:22:22', 'Welcome to the Science Fair'),
(662, NULL, NULL, 'A1P5MMZV', NULL, NULL, '0', 'password', '00001', NULL, '2011-02-01 10:22:22', 'Welcome to the Science Fair'),
(663, NULL, NULL, 'R65WXTSP', NULL, NULL, '0', 'password', '00001', NULL, '2011-02-01 10:22:22', 'Welcome to the Science Fair'),
(664, NULL, NULL, 'D33ZN2ZU', NULL, NULL, '0', 'password', '00001', NULL, '2011-02-01 10:22:22', 'Welcome to the Science Fair'),
(665, NULL, NULL, 'A7SLPOG4', NULL, NULL, '0', 'password', '00001', NULL, '2011-02-01 10:22:22', 'Welcome to the Science Fair'),
(666, NULL, NULL, '71BB8OUI', NULL, NULL, '0', 'password', '00001', NULL, '2011-02-01 10:22:22', 'Welcome to the Science Fair'),
(667, NULL, NULL, 'CK8RITFM', NULL, NULL, '0', 'password', '00001', NULL, '2011-02-01 10:22:22', 'Welcome to the Science Fair'),
(668, NULL, NULL, '5MSOA3AA', NULL, NULL, '0', 'password', '00001', NULL, '2011-02-01 10:22:22', 'Welcome to the Science Fair'),
(669, NULL, NULL, 'LNMENMFE', NULL, NULL, '0', 'password', '00001', NULL, '2011-02-01 10:22:22', 'Welcome to the Science Fair'),
(670, NULL, NULL, 'RTT5IRXQ', NULL, NULL, '0', 'password', '00001', NULL, '2011-02-01 10:22:22', 'Welcome to the Science Fair'),
(671, NULL, NULL, 'O2BIZJKU', NULL, NULL, '0', 'password', '00001', NULL, '2011-02-01 10:22:22', 'Welcome to the Science Fair'),
(672, NULL, NULL, 'MROZZLVB', NULL, NULL, '0', 'password', '00001', NULL, '2011-02-01 10:22:22', 'Welcome to the Science Fair'),
(673, NULL, NULL, 'NLWH8UEP', NULL, NULL, '0', 'password', '00001', NULL, '2011-02-01 10:22:22', 'Welcome to the Science Fair'),
(674, NULL, NULL, '5VVDF3G8', NULL, NULL, '0', 'password', '00001', NULL, '2011-02-01 10:22:22', 'Welcome to the Science Fair'),
(675, NULL, NULL, 'KL4MO43H', NULL, NULL, '0', 'password', '00001', NULL, '2011-02-01 10:22:22', 'Welcome to the Science Fair'),
(676, NULL, NULL, 'B99J522K', NULL, NULL, '0', 'password', '00001', NULL, '2011-02-01 10:22:22', 'Welcome to the Science Fair'),
(677, NULL, NULL, 'MLHZV259', NULL, NULL, '0', 'password', '00001', NULL, '2011-02-01 10:22:22', 'Welcome to the Science Fair'),
(678, NULL, NULL, 'JP6YJEWS', NULL, NULL, '0', 'password', '00001', NULL, '2011-02-01 10:22:22', 'Welcome to the Science Fair'),
(679, NULL, NULL, 'W06YLKYA', NULL, NULL, '0', 'password', '00001', NULL, '2011-02-01 10:22:22', 'Welcome to the Science Fair'),
(680, NULL, NULL, 'TOT0W6KK', NULL, NULL, '0', 'password', '00001', NULL, '2011-02-01 10:22:22', 'Welcome to the Science Fair'),
(681, NULL, NULL, 'GFCFOI75', NULL, NULL, '0', 'password', '00001', NULL, '2011-02-01 10:22:22', 'Welcome to the Science Fair'),
(682, NULL, NULL, '32KTU616', NULL, NULL, '0', 'password', '00001', NULL, '2011-02-01 10:22:22', 'Welcome to the Science Fair'),
(683, NULL, NULL, '72XB3ZSZ', NULL, NULL, '0', 'password', '00001', NULL, '2011-02-01 10:22:22', 'Welcome to the Science Fair'),
(684, NULL, NULL, '50NFLUGP', NULL, NULL, '0', 'password', '00001', NULL, '2011-02-01 10:22:22', 'Welcome to the Science Fair'),
(685, NULL, NULL, 'BWV5R8T7', NULL, NULL, '0', 'password', '00001', NULL, '2011-02-01 10:22:22', 'Welcome to the Science Fair'),
(686, NULL, NULL, '2IEGTVI2', NULL, NULL, '0', 'password', '00001', NULL, '2011-02-01 10:22:22', 'Welcome to the Science Fair'),
(687, NULL, NULL, 'ZX4WDCZB', NULL, NULL, '0', 'password', '00001', NULL, '2011-02-01 10:22:22', 'Welcome to the Science Fair'),
(688, NULL, NULL, 'DHMVJQN9', NULL, NULL, '0', 'password', '00001', NULL, '2011-02-01 10:22:22', 'Welcome to the Science Fair'),
(689, NULL, NULL, '76HADM2X', NULL, NULL, '0', 'password', '00001', NULL, '2011-02-01 10:22:22', 'Welcome to the Science Fair'),
(690, NULL, NULL, 'WQSR3ZWS', NULL, NULL, '0', 'password', '00001', NULL, '2011-02-01 10:22:22', 'Welcome to the Science Fair'),
(691, NULL, NULL, 'IDL1KSJP', NULL, NULL, '0', 'password', '00001', NULL, '2011-02-01 10:22:22', 'Welcome to the Science Fair'),
(692, NULL, NULL, 'H7GXQ2PX', NULL, NULL, '0', 'password', '00001', NULL, '2011-02-01 10:22:22', 'Welcome to the Science Fair'),
(693, NULL, NULL, 'I3Y11OB9', NULL, NULL, '0', 'password', '00001', NULL, '2011-02-01 10:22:22', 'Welcome to the Science Fair'),
(694, NULL, NULL, '9CA5K8IW', NULL, NULL, '0', 'password', '00001', NULL, '2011-02-01 10:22:22', 'Welcome to the Science Fair'),
(695, NULL, NULL, 'X8JZUELQ', NULL, NULL, '0', 'password', '00001', NULL, '2011-02-01 10:22:22', 'Welcome to the Science Fair'),
(696, NULL, NULL, 'F7WS2PHE', NULL, NULL, '0', 'password', '00001', NULL, '2011-02-01 10:22:22', 'Welcome to the Science Fair'),
(697, NULL, NULL, '6M628CZ5', NULL, NULL, '0', 'password', '00001', NULL, '2011-02-01 10:22:22', 'Welcome to the Science Fair'),
(698, NULL, NULL, 'KXXIDQHX', NULL, NULL, '0', 'password', '00001', NULL, '2011-02-01 10:22:22', 'Welcome to the Science Fair'),
(699, NULL, NULL, 'ZFADX7P3', NULL, NULL, '0', 'password', '00001', NULL, '2011-02-01 10:22:22', 'Welcome to the Science Fair'),
(700, NULL, NULL, '9FTP0GRM', NULL, NULL, '0', 'password', '00001', NULL, '2011-02-01 10:22:22', 'Welcome to the Science Fair'),
(701, NULL, NULL, '0ZHA8W7Y', NULL, NULL, '0', 'password', '00001', NULL, '2011-02-01 10:22:22', 'Welcome to the Science Fair'),
(702, NULL, NULL, '2AV7GQKX', NULL, NULL, '0', 'password', '00001', NULL, '2011-02-01 10:22:22', 'Welcome to the Science Fair'),
(703, NULL, NULL, 'IZM0HV2E', NULL, NULL, '0', 'password', '00001', NULL, '2011-02-01 10:22:22', 'Welcome to the Science Fair'),
(704, NULL, NULL, 'OTTV7NOM', NULL, NULL, '0', 'password', '00001', NULL, '2011-02-01 10:22:22', 'Welcome to the Science Fair'),
(705, NULL, NULL, 'SAQDR4QK', NULL, NULL, '0', 'password', '00001', NULL, '2011-02-01 10:22:22', 'Welcome to the Science Fair'),
(706, NULL, NULL, '76LNF48Y', NULL, NULL, '0', 'password', '00001', NULL, '2011-02-01 10:22:22', 'Welcome to the Science Fair'),
(707, NULL, NULL, 'CJZROE98', NULL, NULL, '0', 'password', '00001', NULL, '2011-02-01 10:22:22', 'Welcome to the Science Fair'),
(708, NULL, NULL, 'S43QRT0I', NULL, NULL, '0', 'password', '00001', NULL, '2011-02-01 10:22:22', 'Welcome to the Science Fair'),
(709, NULL, NULL, 'Q3V682PR', NULL, NULL, '0', 'password', '00001', NULL, '2011-02-01 10:22:22', 'Welcome to the Science Fair'),
(710, NULL, NULL, 'F54QI892', NULL, NULL, '0', 'password', '00001', NULL, '2011-02-01 10:22:22', 'Welcome to the Science Fair'),
(711, NULL, NULL, '6R97GVH9', NULL, NULL, '0', 'password', '00001', NULL, '2011-02-01 10:22:22', 'Welcome to the Science Fair'),
(712, NULL, NULL, 'X8BVX7E1', NULL, NULL, '0', 'password', '00001', NULL, '2011-02-01 10:22:22', 'Welcome to the Science Fair'),
(713, NULL, NULL, 'P7NL0W87', NULL, NULL, '0', 'password', '00001', NULL, '2011-02-01 10:22:22', 'Welcome to the Science Fair'),
(714, NULL, NULL, 'P3MHVPA3', NULL, NULL, '0', 'password', '00001', NULL, '2011-02-01 10:22:22', 'Welcome to the Science Fair'),
(715, NULL, NULL, 'O3KJWNMS', NULL, NULL, '0', 'password', '00001', NULL, '2011-02-01 10:22:22', 'Welcome to the Science Fair'),
(716, NULL, NULL, 'QLXLNTV9', NULL, NULL, '0', 'password', '00001', NULL, '2011-02-01 10:22:22', 'Welcome to the Science Fair'),
(717, NULL, NULL, 'RDE2HE6K', NULL, NULL, '0', 'password', '00001', NULL, '2011-02-01 10:22:22', 'Welcome to the Science Fair'),
(718, NULL, NULL, '7PO4G0VQ', NULL, NULL, '0', 'password', '00001', NULL, '2011-02-01 10:22:22', 'Welcome to the Science Fair'),
(719, NULL, NULL, '6ZKRKL6B', NULL, NULL, '0', 'password', '00001', NULL, '2011-02-01 10:22:22', 'Welcome to the Science Fair'),
(720, NULL, NULL, 'GGP0ZUYH', NULL, NULL, '0', 'password', '00001', NULL, '2011-02-01 10:22:22', 'Welcome to the Science Fair'),
(721, NULL, NULL, 'IGXQDT7T', NULL, NULL, '0', 'password', '00001', NULL, '2011-02-01 10:22:22', 'Welcome to the Science Fair'),
(722, NULL, NULL, 'FTRDT9HB', NULL, NULL, '0', 'password', '00001', NULL, '2011-02-01 10:22:22', 'Welcome to the Science Fair'),
(723, NULL, NULL, 'ZRDCPUUP', NULL, NULL, '0', 'password', '00001', NULL, '2011-02-01 10:22:22', 'Welcome to the Science Fair'),
(724, NULL, NULL, 'ZFJ5HRSS', NULL, NULL, '0', 'password', '00001', NULL, '2011-02-01 10:22:22', 'Welcome to the Science Fair'),
(725, NULL, NULL, '62U101WW', NULL, NULL, '0', 'password', '00001', NULL, '2011-02-01 10:22:22', 'Welcome to the Science Fair'),
(726, NULL, NULL, 'UT12OFJQ', NULL, NULL, '0', 'password', '00001', NULL, '2011-02-01 10:22:22', 'Welcome to the Science Fair'),
(727, NULL, NULL, '0GJX265H', NULL, NULL, '0', 'password', '00001', NULL, '2011-02-01 10:22:22', 'Welcome to the Science Fair'),
(728, NULL, NULL, 'R4JGJZKW', NULL, NULL, '0', 'password', '00001', NULL, '2011-02-01 10:22:22', 'Welcome to the Science Fair'),
(729, NULL, NULL, '9B2YKY94', NULL, NULL, '0', 'password', '00001', NULL, '2011-02-01 10:22:22', 'Welcome to the Science Fair'),
(730, NULL, NULL, 'FSGNBNYB', NULL, NULL, '0', 'password', '00001', NULL, '2011-02-01 10:22:22', 'Welcome to the Science Fair'),
(731, NULL, NULL, 'TTMU7OO1', NULL, NULL, '0', 'password', '00001', NULL, '2011-02-01 10:22:22', 'Welcome to the Science Fair'),
(732, NULL, NULL, 'ZYD3NFVZ', NULL, NULL, '0', 'password', '00001', NULL, '2011-02-01 10:22:22', 'Welcome to the Science Fair'),
(733, NULL, NULL, 'X1XT7VDK', NULL, NULL, '0', 'password', '00001', NULL, '2011-02-01 10:22:22', 'Welcome to the Science Fair'),
(734, NULL, NULL, 'GLY71GAA', NULL, NULL, '0', 'password', '00001', NULL, '2011-02-01 10:22:22', 'Welcome to the Science Fair'),
(735, NULL, NULL, 'AIIK5HAF', NULL, NULL, '0', 'password', '00001', NULL, '2011-02-01 10:22:22', 'Welcome to the Science Fair'),
(736, NULL, NULL, 'HTXKCN0Q', NULL, NULL, '0', 'password', '00001', NULL, '2011-02-01 10:22:22', 'Welcome to the Science Fair'),
(737, NULL, NULL, 'V1ZAST8T', NULL, NULL, '0', 'password', '00001', NULL, '2011-02-01 10:22:22', 'Welcome to the Science Fair'),
(738, NULL, NULL, 'BVDUYBUY', NULL, NULL, '0', 'password', '00001', NULL, '2011-02-01 10:22:22', 'Welcome to the Science Fair'),
(739, NULL, NULL, 'Y7KAM9HP', NULL, NULL, '0', 'password', '00001', NULL, '2011-02-01 10:22:22', 'Welcome to the Science Fair'),
(740, NULL, NULL, 'ZD7V3JCP', NULL, NULL, '0', 'password', '00001', NULL, '2011-02-01 10:22:22', 'Welcome to the Science Fair'),
(741, NULL, NULL, 'V40M8G3S', NULL, NULL, '0', 'password', '00001', NULL, '2011-02-01 10:22:22', 'Welcome to the Science Fair'),
(742, NULL, NULL, '9F7HB0Z9', NULL, NULL, '0', 'password', '00001', NULL, '2011-02-01 10:22:22', 'Welcome to the Science Fair'),
(743, NULL, NULL, 'ZW2XON15', NULL, NULL, '0', 'password', '00001', NULL, '2011-02-01 10:22:22', 'Welcome to the Science Fair'),
(744, NULL, NULL, 'IMFRRA3K', NULL, NULL, '0', 'password', '00001', NULL, '2011-02-01 10:22:22', 'Welcome to the Science Fair'),
(745, NULL, NULL, 'P55X5JAN', NULL, NULL, '0', 'password', '00001', NULL, '2011-02-01 10:22:22', 'Welcome to the Science Fair'),
(746, NULL, NULL, 'YMU73NWY', NULL, NULL, '0', 'password', '00001', NULL, '2011-02-01 10:22:22', 'Welcome to the Science Fair'),
(747, NULL, NULL, 'R95OJORG', NULL, NULL, '0', 'password', '00001', NULL, '2011-02-01 10:22:22', 'Welcome to the Science Fair'),
(748, NULL, NULL, 'TLDOWPFZ', NULL, NULL, '0', 'password', '00001', NULL, '2011-02-01 10:22:22', 'Welcome to the Science Fair'),
(749, NULL, NULL, 'GSWM53WF', NULL, NULL, '0', 'password', '00001', NULL, '2011-02-01 10:22:22', 'Welcome to the Science Fair'),
(750, NULL, NULL, 'X1196F6S', NULL, NULL, '0', 'password', '00001', NULL, '2011-02-01 10:22:22', 'Welcome to the Science Fair'),
(751, NULL, NULL, 'B3PKT4Q6', NULL, NULL, '0', 'password', '00001', NULL, '2011-02-01 10:22:22', 'Welcome to the Science Fair'),
(752, NULL, NULL, 'QX5BE3VA', NULL, NULL, '0', 'password', '00001', NULL, '2011-02-01 10:22:22', 'Welcome to the Science Fair'),
(753, NULL, NULL, '2HUXOFE4', NULL, NULL, '0', 'password', '00001', NULL, '2011-02-01 10:22:22', 'Welcome to the Science Fair'),
(754, NULL, NULL, '8VB2GS4C', NULL, NULL, '0', 'password', '00001', NULL, '2011-02-01 10:22:22', 'Welcome to the Science Fair'),
(755, NULL, NULL, 'ICBWOMFV', NULL, NULL, '0', 'password', '00001', NULL, '2011-02-01 10:22:22', 'Welcome to the Science Fair'),
(756, NULL, NULL, 'NLCJQ9DP', NULL, NULL, '0', 'password', '00001', NULL, '2011-02-01 10:22:22', 'Welcome to the Science Fair'),
(757, NULL, NULL, 'TCVNW0JE', NULL, NULL, '0', 'password', '00001', NULL, '2011-02-01 10:22:22', 'Welcome to the Science Fair'),
(758, NULL, NULL, 'DWY6UCZQ', NULL, NULL, '0', 'password', '00001', NULL, '2011-02-01 10:22:22', 'Welcome to the Science Fair'),
(759, NULL, NULL, 'EULW03QN', NULL, NULL, '0', 'password', '00001', NULL, '2011-02-01 10:22:22', 'Welcome to the Science Fair'),
(760, NULL, NULL, 'LN0DQRL0', NULL, NULL, '0', 'password', '00001', NULL, '2011-02-01 10:22:22', 'Welcome to the Science Fair'),
(761, NULL, NULL, 'QXKZRUGS', NULL, NULL, '0', 'password', '00001', NULL, '2011-02-01 10:22:22', 'Welcome to the Science Fair'),
(762, NULL, NULL, 'CW9UNXAB', NULL, NULL, '0', 'password', '00001', NULL, '2011-02-01 10:22:22', 'Welcome to the Science Fair'),
(763, NULL, NULL, 'TSCH3RAP', NULL, NULL, '0', 'password', '00001', NULL, '2011-02-01 10:22:22', 'Welcome to the Science Fair'),
(764, NULL, NULL, 'KFISXSPQ', NULL, NULL, '0', 'password', '00001', NULL, '2011-02-01 10:22:22', 'Welcome to the Science Fair'),
(765, NULL, NULL, 'WXN5S04S', NULL, NULL, '0', 'password', '00001', NULL, '2011-02-01 10:22:22', 'Welcome to the Science Fair'),
(766, NULL, NULL, '7RCDVGMH', NULL, NULL, '0', 'password', '00001', NULL, '2011-02-01 10:22:22', 'Welcome to the Science Fair'),
(767, NULL, NULL, 'GEDIBL8N', NULL, NULL, '0', 'password', '00001', NULL, '2011-02-01 10:22:22', 'Welcome to the Science Fair'),
(768, NULL, NULL, 'BVQ8GEM9', NULL, NULL, '0', 'password', '00001', NULL, '2011-02-01 10:22:22', 'Welcome to the Science Fair'),
(769, NULL, NULL, '1JYU3KCH', NULL, NULL, '0', 'password', '00001', NULL, '2011-02-01 10:22:22', 'Welcome to the Science Fair'),
(770, NULL, NULL, 'XP34V821', NULL, NULL, '0', 'password', '00001', NULL, '2011-02-01 10:22:22', 'Welcome to the Science Fair'),
(771, NULL, NULL, 'JKM0F27G', NULL, NULL, '0', 'password', '00001', NULL, '2011-02-01 10:22:22', 'Welcome to the Science Fair'),
(772, NULL, NULL, '4S5UP6MZ', NULL, NULL, '0', 'password', '00001', NULL, '2011-02-01 10:22:22', 'Welcome to the Science Fair'),
(773, NULL, NULL, 'J63DTZOA', NULL, NULL, '0', 'password', '00001', NULL, '2011-02-01 10:22:22', 'Welcome to the Science Fair'),
(774, NULL, NULL, 'X7HAIYV2', NULL, NULL, '0', 'password', '00001', NULL, '2011-02-01 10:22:22', 'Welcome to the Science Fair'),
(775, NULL, NULL, '1R9IRARN', NULL, NULL, '0', 'password', '00001', NULL, '2011-02-01 10:22:22', 'Welcome to the Science Fair'),
(776, NULL, NULL, '9N5TVZDX', NULL, NULL, '0', 'password', '00001', NULL, '2011-02-01 10:22:22', 'Welcome to the Science Fair'),
(777, NULL, NULL, 'FW0V9KY9', NULL, NULL, '0', 'password', '00001', NULL, '2011-02-01 10:22:22', 'Welcome to the Science Fair'),
(778, NULL, NULL, '0J834QGM', NULL, NULL, '0', 'password', '00001', NULL, '2011-02-01 10:22:22', 'Welcome to the Science Fair'),
(779, NULL, NULL, 'OHGS04TX', NULL, NULL, '0', 'password', '00001', NULL, '2011-02-01 10:22:22', 'Welcome to the Science Fair'),
(780, NULL, NULL, 'R3JMYFQ7', NULL, NULL, '0', 'password', '00001', NULL, '2011-02-01 10:22:22', 'Welcome to the Science Fair'),
(781, NULL, NULL, '0D7JNXPC', NULL, NULL, '0', 'password', '00001', NULL, '2011-02-01 10:22:22', 'Welcome to the Science Fair'),
(782, NULL, NULL, 'YJFC93IC', NULL, NULL, '0', 'password', '00001', NULL, '2011-02-01 10:22:22', 'Welcome to the Science Fair'),
(783, NULL, NULL, '6K1FWT1Z', NULL, NULL, '0', 'password', '00001', NULL, '2011-02-01 10:22:22', 'Welcome to the Science Fair'),
(784, NULL, NULL, '944G3QAE', NULL, NULL, '0', 'password', '00001', NULL, '2011-02-01 10:22:22', 'Welcome to the Science Fair');
INSERT INTO `int_users` (`pk_ID`, `lastName`, `firstName`, `username`, `displayName`, `email`, `active`, `password`, `auth_level`, `last_login`, `creation_date`, `message`) VALUES
(785, NULL, NULL, 'GBAMGZV0', NULL, NULL, '0', 'password', '00001', NULL, '2011-02-01 10:22:22', 'Welcome to the Science Fair'),
(786, NULL, NULL, 'QEYGIE13', NULL, NULL, '0', 'password', '00001', NULL, '2011-02-01 10:22:22', 'Welcome to the Science Fair'),
(787, NULL, NULL, 'K3UUYTER', NULL, NULL, '0', 'password', '00001', NULL, '2011-02-01 10:22:22', 'Welcome to the Science Fair'),
(788, NULL, NULL, 'TYA30UCK', NULL, NULL, '0', 'password', '00001', NULL, '2011-02-01 10:22:22', 'Welcome to the Science Fair'),
(789, NULL, NULL, '9ZNNBDK1', NULL, NULL, '0', 'password', '00001', NULL, '2011-02-01 10:22:22', 'Welcome to the Science Fair'),
(790, NULL, NULL, '2O94UV41', NULL, NULL, '0', 'password', '00001', NULL, '2011-02-01 10:22:22', 'Welcome to the Science Fair'),
(791, NULL, NULL, 'LMDAFB9E', NULL, NULL, '0', 'password', '00001', NULL, '2011-02-01 10:22:22', 'Welcome to the Science Fair'),
(792, NULL, NULL, 'TTN0GPXD', NULL, NULL, '0', 'password', '00001', NULL, '2011-02-01 10:22:22', 'Welcome to the Science Fair'),
(793, NULL, NULL, '8QS2GO1Z', NULL, NULL, '0', 'password', '00001', NULL, '2011-02-01 10:22:22', 'Welcome to the Science Fair'),
(794, NULL, NULL, 'CMWNDIRK', NULL, NULL, '0', 'password', '00001', NULL, '2011-02-01 10:22:22', 'Welcome to the Science Fair'),
(795, NULL, NULL, 'NHH6T0PS', NULL, NULL, '0', 'password', '00001', NULL, '2011-02-01 10:22:22', 'Welcome to the Science Fair'),
(796, NULL, NULL, 'Y1L608O7', NULL, NULL, '0', 'password', '00001', NULL, '2011-02-01 10:22:22', 'Welcome to the Science Fair'),
(797, NULL, NULL, 'XBS834UM', NULL, NULL, '0', 'password', '00001', NULL, '2011-02-01 10:22:22', 'Welcome to the Science Fair'),
(798, NULL, NULL, 'H6J1GIJP', NULL, NULL, '0', 'password', '00001', NULL, '2011-02-01 10:22:22', 'Welcome to the Science Fair'),
(799, NULL, NULL, 'GP5IVZV9', NULL, NULL, '0', 'password', '00001', NULL, '2011-02-01 10:22:22', 'Welcome to the Science Fair'),
(800, NULL, NULL, 'KNQYEUQ9', NULL, NULL, '0', 'password', '00001', NULL, '2011-02-01 10:22:22', 'Welcome to the Science Fair'),
(801, NULL, NULL, 'WMY4T0YA', NULL, NULL, '0', 'password', '00001', NULL, '2011-02-01 10:22:22', 'Welcome to the Science Fair'),
(802, NULL, NULL, 'OAAREBWP', NULL, NULL, '0', 'password', '00001', NULL, '2011-02-01 10:22:22', 'Welcome to the Science Fair'),
(803, NULL, NULL, 'X4JBHPBS', NULL, NULL, '0', 'password', '00001', NULL, '2011-02-01 10:22:22', 'Welcome to the Science Fair'),
(804, NULL, NULL, 'IXOB58QF', NULL, NULL, '0', 'password', '00001', NULL, '2011-02-01 10:22:22', 'Welcome to the Science Fair'),
(805, NULL, NULL, 'WFKYP9QB', NULL, NULL, '0', 'password', '00001', NULL, '2011-02-01 10:22:22', 'Welcome to the Science Fair'),
(806, NULL, NULL, '3OTWZ31U', NULL, NULL, '0', 'password', '00001', NULL, '2011-02-01 10:22:22', 'Welcome to the Science Fair'),
(807, NULL, NULL, 'IGIK0YS7', NULL, NULL, '0', 'password', '00001', NULL, '2011-02-01 10:22:22', 'Welcome to the Science Fair'),
(808, NULL, NULL, 'Q1X2PEDG', NULL, NULL, '0', 'password', '00001', NULL, '2011-02-01 10:22:22', 'Welcome to the Science Fair'),
(809, NULL, NULL, 'UAX3R7PK', NULL, NULL, '0', 'password', '00001', NULL, '2011-02-01 10:22:22', 'Welcome to the Science Fair'),
(810, NULL, NULL, 'KMC1N3J9', NULL, NULL, '0', 'password', '00001', NULL, '2011-02-01 10:22:22', 'Welcome to the Science Fair'),
(811, NULL, NULL, 'AGEAQQQD', NULL, NULL, '0', 'password', '00001', NULL, '2011-02-01 10:22:22', 'Welcome to the Science Fair'),
(812, NULL, NULL, 'UAGLEZZM', NULL, NULL, '0', 'password', '00001', NULL, '2011-02-01 10:22:22', 'Welcome to the Science Fair'),
(813, NULL, NULL, '6WDVNTR7', NULL, NULL, '0', 'password', '00001', NULL, '2011-02-01 10:22:22', 'Welcome to the Science Fair'),
(814, NULL, NULL, '8SW1J2LQ', NULL, NULL, '0', 'password', '00001', NULL, '2011-02-01 10:22:22', 'Welcome to the Science Fair'),
(815, NULL, NULL, '7GEGU4ML', NULL, NULL, '0', 'password', '00001', NULL, '2011-02-01 10:22:22', 'Welcome to the Science Fair'),
(816, NULL, NULL, 'NKOZHCZR', NULL, NULL, '0', 'password', '00001', NULL, '2011-02-01 10:22:22', 'Welcome to the Science Fair'),
(817, NULL, NULL, 'GFBG6SM6', NULL, NULL, '0', 'password', '00001', NULL, '2011-02-01 10:22:22', 'Welcome to the Science Fair'),
(818, NULL, NULL, 'R4N1QQGO', NULL, NULL, '0', 'password', '00001', NULL, '2011-02-01 10:22:22', 'Welcome to the Science Fair'),
(819, NULL, NULL, 'V8OQTHBX', NULL, NULL, '0', 'password', '00001', NULL, '2011-02-01 10:22:22', 'Welcome to the Science Fair'),
(820, NULL, NULL, '5SR5PWTO', NULL, NULL, '0', 'password', '00001', NULL, '2011-02-01 10:22:22', 'Welcome to the Science Fair'),
(821, NULL, NULL, 'WP5CZ0RR', NULL, NULL, '0', 'password', '00001', NULL, '2011-02-01 10:22:22', 'Welcome to the Science Fair'),
(822, NULL, NULL, 'XJI0WGNT', NULL, NULL, '0', 'password', '00001', NULL, '2011-02-01 10:22:22', 'Welcome to the Science Fair'),
(823, NULL, NULL, 'R0VXTWUJ', NULL, NULL, '0', 'password', '00001', NULL, '2011-02-01 10:22:22', 'Welcome to the Science Fair'),
(824, NULL, NULL, 'NW42ZPMH', NULL, NULL, '0', 'password', '00001', NULL, '2011-02-01 10:22:22', 'Welcome to the Science Fair'),
(825, NULL, NULL, '59YR60X4', NULL, NULL, '0', 'password', '00001', NULL, '2011-02-01 10:22:22', 'Welcome to the Science Fair'),
(826, NULL, NULL, 'DIPI643G', NULL, NULL, '0', 'password', '00001', NULL, '2011-02-01 10:22:22', 'Welcome to the Science Fair'),
(827, NULL, NULL, 'IHJ8HIFO', NULL, NULL, '0', 'password', '00001', NULL, '2011-02-01 10:22:22', 'Welcome to the Science Fair'),
(828, NULL, NULL, 'UY7RLT27', NULL, NULL, '0', 'password', '00001', NULL, '2011-02-01 10:22:22', 'Welcome to the Science Fair'),
(829, NULL, NULL, 'SFUS0TAM', NULL, NULL, '0', 'password', '00001', NULL, '2011-02-01 10:22:22', 'Welcome to the Science Fair'),
(830, NULL, NULL, 'OFT4EPRS', NULL, NULL, '0', 'password', '00001', NULL, '2011-02-01 10:22:22', 'Welcome to the Science Fair'),
(831, NULL, NULL, '6HGOHBTO', NULL, NULL, '0', 'password', '00001', NULL, '2011-02-01 10:22:22', 'Welcome to the Science Fair'),
(832, NULL, NULL, '6HJ6LK8O', NULL, NULL, '0', 'password', '00001', NULL, '2011-02-01 10:22:22', 'Welcome to the Science Fair'),
(833, NULL, NULL, '171ZWFYP', NULL, NULL, '0', 'password', '00001', NULL, '2011-02-01 10:22:22', 'Welcome to the Science Fair'),
(834, NULL, NULL, '2881E407', NULL, NULL, '0', 'password', '00001', NULL, '2011-02-01 10:22:22', 'Welcome to the Science Fair'),
(835, NULL, NULL, 'LQU8PV9Z', NULL, NULL, '0', 'password', '00001', NULL, '2011-02-01 10:22:22', 'Welcome to the Science Fair'),
(836, NULL, NULL, 'J5M2BVOK', NULL, NULL, '0', 'password', '00001', NULL, '2011-02-01 10:22:22', 'Welcome to the Science Fair'),
(837, NULL, NULL, 'WTB9E12H', NULL, NULL, '0', 'password', '00001', NULL, '2011-02-01 10:22:22', 'Welcome to the Science Fair'),
(838, NULL, NULL, '7WVLIL53', NULL, NULL, '0', 'password', '00001', NULL, '2011-02-01 10:22:22', 'Welcome to the Science Fair'),
(839, NULL, NULL, 'CJH1E9YL', NULL, NULL, '0', 'password', '00001', NULL, '2011-02-01 10:22:22', 'Welcome to the Science Fair'),
(840, NULL, NULL, '1IFSD64H', NULL, NULL, '0', 'password', '00001', NULL, '2011-02-01 10:22:22', 'Welcome to the Science Fair'),
(841, NULL, NULL, 'SU4DMWTI', NULL, NULL, '0', 'password', '00001', NULL, '2011-02-01 10:22:23', 'Welcome to the Science Fair'),
(842, NULL, NULL, 'UF7XCBRH', NULL, NULL, '0', 'password', '00001', NULL, '2011-02-01 10:22:23', 'Welcome to the Science Fair'),
(843, NULL, NULL, 'JKPIRYSM', NULL, NULL, '0', 'password', '00001', NULL, '2011-02-01 10:22:23', 'Welcome to the Science Fair'),
(844, NULL, NULL, 'Z42NLHTI', NULL, NULL, '0', 'password', '00001', NULL, '2011-02-01 10:22:23', 'Welcome to the Science Fair'),
(845, NULL, NULL, 'I5SKTCWO', NULL, NULL, '0', 'password', '00001', NULL, '2011-02-01 10:22:23', 'Welcome to the Science Fair'),
(846, NULL, NULL, '9U6CEVYX', NULL, NULL, '0', 'password', '00001', NULL, '2011-02-01 10:22:23', 'Welcome to the Science Fair'),
(847, NULL, NULL, 'QHM3L99E', NULL, NULL, '0', 'password', '00001', NULL, '2011-02-01 10:22:23', 'Welcome to the Science Fair'),
(848, NULL, NULL, 'RRF0UB9Z', NULL, NULL, '0', 'password', '00001', NULL, '2011-02-01 10:22:23', 'Welcome to the Science Fair'),
(849, NULL, NULL, 'IHFT6OBB', NULL, NULL, '0', 'password', '00001', NULL, '2011-02-01 10:22:23', 'Welcome to the Science Fair'),
(850, NULL, NULL, 'EV93W4DG', NULL, NULL, '0', 'password', '00001', NULL, '2011-02-01 10:22:23', 'Welcome to the Science Fair'),
(851, NULL, NULL, 'C30XQRQX', NULL, NULL, '0', 'password', '00001', NULL, '2011-02-01 10:22:23', 'Welcome to the Science Fair'),
(852, NULL, NULL, 'YCE68H4R', NULL, NULL, '0', 'password', '00001', NULL, '2011-02-01 10:22:23', 'Welcome to the Science Fair'),
(853, NULL, NULL, 'W4PK1P5M', NULL, NULL, '0', 'password', '00001', NULL, '2011-02-01 10:22:23', 'Welcome to the Science Fair'),
(854, NULL, NULL, '6G5XGWKK', NULL, NULL, '0', 'password', '00001', NULL, '2011-02-01 10:22:23', 'Welcome to the Science Fair'),
(855, NULL, NULL, '2WZRCSMA', NULL, NULL, '0', 'password', '00001', NULL, '2011-02-01 10:22:23', 'Welcome to the Science Fair'),
(856, NULL, NULL, 'FEVLCZ5F', NULL, NULL, '0', 'password', '00001', NULL, '2011-02-01 10:22:23', 'Welcome to the Science Fair'),
(857, NULL, NULL, 'C266F2MN', NULL, NULL, '0', 'password', '00001', NULL, '2011-02-01 10:22:23', 'Welcome to the Science Fair'),
(858, NULL, NULL, 'SKCBOCCT', NULL, NULL, '0', 'password', '00001', NULL, '2011-02-01 10:22:23', 'Welcome to the Science Fair'),
(859, NULL, NULL, 'OEZ12BEJ', NULL, NULL, '0', 'password', '00001', NULL, '2011-02-01 10:22:23', 'Welcome to the Science Fair'),
(860, NULL, NULL, 'XP2ULSX0', NULL, NULL, '0', 'password', '00001', NULL, '2011-02-01 10:22:23', 'Welcome to the Science Fair'),
(861, NULL, NULL, 'XLIYZLRG', NULL, NULL, '0', 'password', '00001', NULL, '2011-02-01 10:22:23', 'Welcome to the Science Fair'),
(862, NULL, NULL, 'UZ043FP1', NULL, NULL, '0', 'password', '00001', NULL, '2011-02-01 10:22:23', 'Welcome to the Science Fair'),
(863, NULL, NULL, 'M840TPHI', NULL, NULL, '0', 'password', '00001', NULL, '2011-02-01 10:22:23', 'Welcome to the Science Fair'),
(864, NULL, NULL, 'F9ZGJXOW', NULL, NULL, '0', 'password', '00001', NULL, '2011-02-01 10:22:23', 'Welcome to the Science Fair'),
(865, NULL, NULL, 'WMYPLKSJ', NULL, NULL, '0', 'password', '00001', NULL, '2011-02-01 10:22:23', 'Welcome to the Science Fair'),
(866, NULL, NULL, 'E5OW17A3', NULL, NULL, '0', 'password', '00001', NULL, '2011-02-01 10:22:23', 'Welcome to the Science Fair'),
(867, NULL, NULL, 'R27BOU9W', NULL, NULL, '0', 'password', '00001', NULL, '2011-02-01 10:22:23', 'Welcome to the Science Fair'),
(868, NULL, NULL, 'IMEJITKW', NULL, NULL, '0', 'password', '00001', NULL, '2011-02-01 10:22:23', 'Welcome to the Science Fair'),
(869, NULL, NULL, 'XMGALB8M', NULL, NULL, '0', 'password', '00001', NULL, '2011-02-01 10:22:23', 'Welcome to the Science Fair'),
(870, NULL, NULL, 'XE70R902', NULL, NULL, '0', 'password', '00001', NULL, '2011-02-01 10:22:23', 'Welcome to the Science Fair'),
(871, NULL, NULL, 'XOM3R161', NULL, NULL, '0', 'password', '00001', NULL, '2011-02-01 10:22:23', 'Welcome to the Science Fair'),
(872, NULL, NULL, 'AOV4JHCG', NULL, NULL, '0', 'password', '00001', NULL, '2011-02-01 10:22:23', 'Welcome to the Science Fair'),
(873, NULL, NULL, '0OX5S7KA', NULL, NULL, '0', 'password', '00001', NULL, '2011-02-01 10:22:23', 'Welcome to the Science Fair'),
(874, NULL, NULL, 'RZVZK4Y8', NULL, NULL, '0', 'password', '00001', NULL, '2011-02-01 10:22:23', 'Welcome to the Science Fair'),
(875, NULL, NULL, 'EZARA7HQ', NULL, NULL, '0', 'password', '00001', NULL, '2011-02-01 10:22:23', 'Welcome to the Science Fair'),
(876, NULL, NULL, 'R4EJLX2G', NULL, NULL, '0', 'password', '00001', NULL, '2011-02-01 10:22:23', 'Welcome to the Science Fair'),
(877, NULL, NULL, 'C49N14V3', NULL, NULL, '0', 'password', '00001', NULL, '2011-02-01 10:22:23', 'Welcome to the Science Fair'),
(878, NULL, NULL, 'NA6Q8MS3', NULL, NULL, '0', 'password', '00001', NULL, '2011-02-01 10:22:23', 'Welcome to the Science Fair'),
(879, NULL, NULL, '7XVSISLX', NULL, NULL, '0', 'password', '00001', NULL, '2011-02-01 10:22:23', 'Welcome to the Science Fair'),
(880, NULL, NULL, '80CI4OYW', NULL, NULL, '0', 'password', '00001', NULL, '2011-02-01 10:22:23', 'Welcome to the Science Fair'),
(881, NULL, NULL, 'YITSG2E1', NULL, NULL, '0', 'password', '00001', NULL, '2011-02-01 10:22:23', 'Welcome to the Science Fair'),
(882, NULL, NULL, 'ITI4BKWL', NULL, NULL, '0', 'password', '00001', NULL, '2011-02-01 10:22:23', 'Welcome to the Science Fair'),
(883, NULL, NULL, '38U16ZJI', NULL, NULL, '0', 'password', '00001', NULL, '2011-02-01 10:22:23', 'Welcome to the Science Fair'),
(884, NULL, NULL, '22RO54LO', NULL, NULL, '0', 'password', '00001', NULL, '2011-02-01 10:22:23', 'Welcome to the Science Fair'),
(885, NULL, NULL, 'YEZYAGSS', NULL, NULL, '0', 'password', '00001', NULL, '2011-02-01 10:22:23', 'Welcome to the Science Fair'),
(886, NULL, NULL, 'OVYPIDBW', NULL, NULL, '0', 'password', '00001', NULL, '2011-02-01 10:22:23', 'Welcome to the Science Fair'),
(887, NULL, NULL, 'GJT2IPVV', NULL, NULL, '0', 'password', '00001', NULL, '2011-02-01 10:22:23', 'Welcome to the Science Fair'),
(888, NULL, NULL, '9L4EZYB7', NULL, NULL, '0', 'password', '00001', NULL, '2011-02-01 10:22:23', 'Welcome to the Science Fair'),
(889, NULL, NULL, 'W0S36BUS', NULL, NULL, '0', 'password', '00001', NULL, '2011-02-01 10:22:23', 'Welcome to the Science Fair'),
(890, NULL, NULL, '1GQESBSH', NULL, NULL, '0', 'password', '00001', NULL, '2011-02-01 10:22:23', 'Welcome to the Science Fair'),
(891, NULL, NULL, 'GUXS6QON', NULL, NULL, '0', 'password', '00001', NULL, '2011-02-01 10:22:23', 'Welcome to the Science Fair'),
(892, NULL, NULL, '9TVYML3B', NULL, NULL, '0', 'password', '00001', NULL, '2011-02-01 10:22:23', 'Welcome to the Science Fair'),
(893, NULL, NULL, 'OD9N8U7O', NULL, NULL, '0', 'password', '00001', NULL, '2011-02-01 10:22:23', 'Welcome to the Science Fair'),
(894, NULL, NULL, 'PGTATVL0', NULL, NULL, '0', 'password', '00001', NULL, '2011-02-01 10:22:23', 'Welcome to the Science Fair'),
(895, NULL, NULL, '8XRUNDFE', NULL, NULL, '0', 'password', '00001', NULL, '2011-02-01 10:22:23', 'Welcome to the Science Fair'),
(896, NULL, NULL, 'IN1OJNXM', NULL, NULL, '0', 'password', '00001', NULL, '2011-02-01 10:22:23', 'Welcome to the Science Fair'),
(897, NULL, NULL, 'PGG54USM', NULL, NULL, '0', 'password', '00001', NULL, '2011-02-01 10:22:23', 'Welcome to the Science Fair'),
(898, NULL, NULL, 'BZ9M20AP', NULL, NULL, '0', 'password', '00001', NULL, '2011-02-01 10:22:23', 'Welcome to the Science Fair'),
(899, NULL, NULL, 'S8T9W33V', NULL, NULL, '0', 'password', '00001', NULL, '2011-02-01 10:22:23', 'Welcome to the Science Fair'),
(900, NULL, NULL, 'VP0A0DBI', NULL, NULL, '0', 'password', '00001', NULL, '2011-02-01 10:22:23', 'Welcome to the Science Fair'),
(901, NULL, NULL, 'S4NTFZWS', NULL, NULL, '0', 'password', '00001', NULL, '2011-02-01 10:22:23', 'Welcome to the Science Fair'),
(902, NULL, NULL, 'LE5TUNK8', NULL, NULL, '0', 'password', '00001', NULL, '2011-02-01 10:22:23', 'Welcome to the Science Fair'),
(903, NULL, NULL, 'J39C1K0W', NULL, NULL, '0', 'password', '00001', NULL, '2011-02-01 10:22:23', 'Welcome to the Science Fair'),
(904, NULL, NULL, 'HTD33YY9', NULL, NULL, '0', 'password', '00001', NULL, '2011-02-01 10:22:23', 'Welcome to the Science Fair'),
(905, NULL, NULL, '9NOWOGC0', NULL, NULL, '0', 'password', '00001', NULL, '2011-02-01 10:22:23', 'Welcome to the Science Fair'),
(906, NULL, NULL, 'HCHJ5GUX', NULL, NULL, '0', 'password', '00001', NULL, '2011-02-01 10:22:23', 'Welcome to the Science Fair'),
(907, NULL, NULL, 'VNLJNJSV', NULL, NULL, '0', 'password', '00001', NULL, '2011-02-01 10:22:23', 'Welcome to the Science Fair'),
(908, NULL, NULL, 'CL18SBGC', NULL, NULL, '0', 'password', '00001', NULL, '2011-02-01 10:22:23', 'Welcome to the Science Fair'),
(909, NULL, NULL, 'WH9DVVZ8', NULL, NULL, '0', 'password', '00001', NULL, '2011-02-01 10:22:23', 'Welcome to the Science Fair'),
(910, NULL, NULL, 'CS9HVY9F', NULL, NULL, '0', 'password', '00001', NULL, '2011-02-01 10:22:23', 'Welcome to the Science Fair'),
(911, NULL, NULL, 'ENJRPTWP', NULL, NULL, '0', 'password', '00001', NULL, '2011-02-01 10:22:23', 'Welcome to the Science Fair'),
(912, NULL, NULL, 'CZAJH4DB', NULL, NULL, '0', 'password', '00001', NULL, '2011-02-01 10:22:23', 'Welcome to the Science Fair'),
(913, NULL, NULL, '48W89DYD', NULL, NULL, '0', 'password', '00001', NULL, '2011-02-01 10:22:23', 'Welcome to the Science Fair'),
(914, NULL, NULL, 'HSL6PE1C', NULL, NULL, '0', 'password', '00001', NULL, '2011-02-01 10:22:23', 'Welcome to the Science Fair'),
(915, NULL, NULL, 'HN1R7M6Y', NULL, NULL, '0', 'password', '00001', NULL, '2011-02-01 10:22:23', 'Welcome to the Science Fair'),
(916, NULL, NULL, '0UACSW0U', NULL, NULL, '0', 'password', '00001', NULL, '2011-02-01 10:22:23', 'Welcome to the Science Fair'),
(917, NULL, NULL, '7HZ6CX57', NULL, NULL, '0', 'password', '00001', NULL, '2011-02-01 10:22:23', 'Welcome to the Science Fair'),
(918, NULL, NULL, 'XO17QKDQ', NULL, NULL, '0', 'password', '00001', NULL, '2011-02-01 10:22:23', 'Welcome to the Science Fair'),
(919, NULL, NULL, 'BFH0HPM2', NULL, NULL, '0', 'password', '00001', NULL, '2011-02-01 10:22:23', 'Welcome to the Science Fair'),
(920, NULL, NULL, 'LJZAOGE5', NULL, NULL, '0', 'password', '00001', NULL, '2011-02-01 10:22:23', 'Welcome to the Science Fair'),
(921, NULL, NULL, 'V1KIA5BI', NULL, NULL, '0', 'password', '00001', NULL, '2011-02-01 10:22:23', 'Welcome to the Science Fair'),
(922, NULL, NULL, 'XEHJ67LZ', NULL, NULL, '0', 'password', '00001', NULL, '2011-02-01 10:22:23', 'Welcome to the Science Fair'),
(923, NULL, NULL, '6ZYT4RG1', NULL, NULL, '0', 'password', '00001', NULL, '2011-02-01 10:22:23', 'Welcome to the Science Fair'),
(924, NULL, NULL, 'F8FLPCQG', NULL, NULL, '0', 'password', '00001', NULL, '2011-02-01 10:22:23', 'Welcome to the Science Fair'),
(925, NULL, NULL, '57T1VDGY', NULL, NULL, '0', 'password', '00001', NULL, '2011-02-01 10:22:23', 'Welcome to the Science Fair'),
(926, NULL, NULL, 'ZBLUYKYL', NULL, NULL, '0', 'password', '00001', NULL, '2011-02-01 10:22:23', 'Welcome to the Science Fair'),
(927, NULL, NULL, 'GFJMFFMJ', NULL, NULL, '0', 'password', '00001', NULL, '2011-02-01 10:22:23', 'Welcome to the Science Fair'),
(928, NULL, NULL, 'MAGTGB5R', NULL, NULL, '0', 'password', '00001', NULL, '2011-02-01 10:22:23', 'Welcome to the Science Fair'),
(929, NULL, NULL, '83PYDNQJ', NULL, NULL, '0', 'password', '00001', NULL, '2011-02-01 10:22:23', 'Welcome to the Science Fair'),
(930, NULL, NULL, 'VCLTD3WL', NULL, NULL, '0', 'password', '00001', NULL, '2011-02-01 10:22:23', 'Welcome to the Science Fair'),
(931, NULL, NULL, 'ASQG2RVG', NULL, NULL, '0', 'password', '00001', NULL, '2011-02-01 10:22:23', 'Welcome to the Science Fair'),
(932, NULL, NULL, 'MUO30QF2', NULL, NULL, '0', 'password', '00001', NULL, '2011-02-01 10:22:23', 'Welcome to the Science Fair'),
(933, NULL, NULL, '613QMXEL', NULL, NULL, '0', 'password', '00001', NULL, '2011-02-01 10:22:23', 'Welcome to the Science Fair'),
(934, NULL, NULL, '3SXNJVIR', NULL, NULL, '0', 'password', '00001', NULL, '2011-02-01 10:22:23', 'Welcome to the Science Fair'),
(935, NULL, NULL, '8KUY6C5G', NULL, NULL, '0', 'password', '00001', NULL, '2011-02-01 10:22:23', 'Welcome to the Science Fair'),
(936, NULL, NULL, '6NTJ9PBG', NULL, NULL, '0', 'password', '00001', NULL, '2011-02-01 10:22:23', 'Welcome to the Science Fair'),
(937, NULL, NULL, '5P9CHOIZ', NULL, NULL, '0', 'password', '00001', NULL, '2011-02-01 10:22:23', 'Welcome to the Science Fair'),
(938, NULL, NULL, 'DRL5K5XN', NULL, NULL, '0', 'password', '00001', NULL, '2011-02-01 10:22:23', 'Welcome to the Science Fair'),
(939, NULL, NULL, '1TUHIXCI', NULL, NULL, '0', 'password', '00001', NULL, '2011-02-01 10:22:23', 'Welcome to the Science Fair'),
(940, NULL, NULL, '71D4WZH3', NULL, NULL, '0', 'password', '00001', NULL, '2011-02-01 10:22:23', 'Welcome to the Science Fair'),
(941, NULL, NULL, 'ESI8Z36J', NULL, NULL, '0', 'password', '00001', NULL, '2011-02-01 10:22:23', 'Welcome to the Science Fair'),
(942, NULL, NULL, 'M15Q9LK1', NULL, NULL, '0', 'password', '00001', NULL, '2011-02-01 10:22:23', 'Welcome to the Science Fair'),
(943, NULL, NULL, 'B64CA8TS', NULL, NULL, '0', 'password', '00001', NULL, '2011-02-01 10:22:23', 'Welcome to the Science Fair'),
(944, NULL, NULL, 'DS3IC96H', NULL, NULL, '0', 'password', '00001', NULL, '2011-02-01 10:22:23', 'Welcome to the Science Fair'),
(945, NULL, NULL, 'TSQB3NXV', NULL, NULL, '0', 'password', '00001', NULL, '2011-02-01 10:22:23', 'Welcome to the Science Fair'),
(946, NULL, NULL, 'QAH656SX', NULL, NULL, '0', 'password', '00001', NULL, '2011-02-01 10:22:23', 'Welcome to the Science Fair'),
(947, NULL, NULL, 'CNJFUAV0', NULL, NULL, '0', 'password', '00001', NULL, '2011-02-01 10:22:23', 'Welcome to the Science Fair'),
(948, NULL, NULL, 'KPQ2H3HZ', NULL, NULL, '0', 'password', '00001', NULL, '2011-02-01 10:22:23', 'Welcome to the Science Fair'),
(949, NULL, NULL, 'H35S144D', NULL, NULL, '0', 'password', '00001', NULL, '2011-02-01 10:22:23', 'Welcome to the Science Fair'),
(950, NULL, NULL, 'SMUQG1CN', NULL, NULL, '0', 'password', '00001', NULL, '2011-02-01 10:22:23', 'Welcome to the Science Fair'),
(951, NULL, NULL, 'XL7V7UV0', NULL, NULL, '0', 'password', '00001', NULL, '2011-02-01 10:22:23', 'Welcome to the Science Fair'),
(952, NULL, NULL, '0YSRNSFT', NULL, NULL, '0', 'password', '00001', NULL, '2011-02-01 10:22:23', 'Welcome to the Science Fair'),
(953, NULL, NULL, 'ZSVG9HAV', NULL, NULL, '0', 'password', '00001', NULL, '2011-02-01 10:22:23', 'Welcome to the Science Fair'),
(954, NULL, NULL, '6AIEFEDA', NULL, NULL, '0', 'password', '00001', NULL, '2011-02-01 10:22:23', 'Welcome to the Science Fair'),
(955, NULL, NULL, 'EEO7CAPE', NULL, NULL, '0', 'password', '00001', NULL, '2011-02-01 10:22:23', 'Welcome to the Science Fair'),
(956, NULL, NULL, '89897XCJ', NULL, NULL, '0', 'password', '00001', NULL, '2011-02-01 10:22:23', 'Welcome to the Science Fair'),
(957, NULL, NULL, '4VFAKV0Y', NULL, NULL, '0', 'password', '00001', NULL, '2011-02-01 10:22:23', 'Welcome to the Science Fair'),
(958, NULL, NULL, '6TYSOSIG', NULL, NULL, '0', 'password', '00001', NULL, '2011-02-01 10:22:23', 'Welcome to the Science Fair'),
(959, NULL, NULL, 'Q4IKPBOV', NULL, NULL, '0', 'password', '00001', NULL, '2011-02-01 10:22:23', 'Welcome to the Science Fair'),
(960, NULL, NULL, 'XG2P4M39', NULL, NULL, '0', 'password', '00001', NULL, '2011-02-01 10:22:23', 'Welcome to the Science Fair'),
(961, NULL, NULL, 'LKVQ5YDA', NULL, NULL, '0', 'password', '00001', NULL, '2011-02-01 10:22:23', 'Welcome to the Science Fair'),
(962, NULL, NULL, 'TNZUPS4N', NULL, NULL, '0', 'password', '00001', NULL, '2011-02-01 10:22:23', 'Welcome to the Science Fair'),
(963, NULL, NULL, 'E2HPBK9J', NULL, NULL, '0', 'password', '00001', NULL, '2011-02-01 10:22:23', 'Welcome to the Science Fair'),
(964, NULL, NULL, 'BX57221Z', NULL, NULL, '0', 'password', '00001', NULL, '2011-02-01 10:22:23', 'Welcome to the Science Fair'),
(965, NULL, NULL, '5NALC1QB', NULL, NULL, '0', 'password', '00001', NULL, '2011-02-01 10:22:23', 'Welcome to the Science Fair'),
(966, NULL, NULL, '7K7SUAYG', NULL, NULL, '0', 'password', '00001', NULL, '2011-02-01 10:22:23', 'Welcome to the Science Fair'),
(967, NULL, NULL, 'I0H3WFZI', NULL, NULL, '0', 'password', '00001', NULL, '2011-02-01 10:22:23', 'Welcome to the Science Fair'),
(968, NULL, NULL, 'DBFXAEH1', NULL, NULL, '0', 'password', '00001', NULL, '2011-02-01 10:22:23', 'Welcome to the Science Fair'),
(969, NULL, NULL, 'N14QPXV5', NULL, NULL, '0', 'password', '00001', NULL, '2011-02-01 10:22:23', 'Welcome to the Science Fair'),
(970, NULL, NULL, 'ZOVHADLS', NULL, NULL, '0', 'password', '00001', NULL, '2011-02-01 10:22:23', 'Welcome to the Science Fair'),
(971, NULL, NULL, 'MUMHZX7O', NULL, NULL, '0', 'password', '00001', NULL, '2011-02-01 10:22:23', 'Welcome to the Science Fair'),
(972, NULL, NULL, 'X3Z9E1G3', NULL, NULL, '0', 'password', '00001', NULL, '2011-02-01 10:22:23', 'Welcome to the Science Fair'),
(973, NULL, NULL, 'QDHPPP78', NULL, NULL, '0', 'password', '00001', NULL, '2011-02-01 10:22:23', 'Welcome to the Science Fair'),
(974, NULL, NULL, 'M3OHOUXX', NULL, NULL, '0', 'password', '00001', NULL, '2011-02-01 10:22:23', 'Welcome to the Science Fair'),
(975, NULL, NULL, 'Q8C35P4T', NULL, NULL, '0', 'password', '00001', NULL, '2011-02-01 10:22:23', 'Welcome to the Science Fair'),
(976, NULL, NULL, '9RLVCP9K', NULL, NULL, '0', 'password', '00001', NULL, '2011-02-01 10:22:23', 'Welcome to the Science Fair'),
(977, NULL, NULL, 'NI1VVZEO', NULL, NULL, '0', 'password', '00001', NULL, '2011-02-01 10:22:23', 'Welcome to the Science Fair'),
(978, NULL, NULL, 'DM8XNO18', NULL, NULL, '0', 'password', '00001', NULL, '2011-02-01 10:22:23', 'Welcome to the Science Fair'),
(979, NULL, NULL, 'XMFUW820', NULL, NULL, '0', 'password', '00001', NULL, '2011-02-01 10:22:23', 'Welcome to the Science Fair'),
(980, NULL, NULL, 'A5DUWZ56', NULL, NULL, '0', 'password', '00001', NULL, '2011-02-01 10:22:23', 'Welcome to the Science Fair'),
(981, NULL, NULL, 'AM9SN9D0', NULL, NULL, '0', 'password', '00001', NULL, '2011-02-01 10:22:23', 'Welcome to the Science Fair'),
(982, NULL, NULL, 'LFL8OCXD', NULL, NULL, '0', 'password', '00001', NULL, '2011-02-01 10:22:23', 'Welcome to the Science Fair'),
(983, NULL, NULL, 'CP3TEAV3', NULL, NULL, '0', 'password', '00001', NULL, '2011-02-01 10:22:23', 'Welcome to the Science Fair'),
(984, NULL, NULL, 'SBR68EVJ', NULL, NULL, '0', 'password', '00001', NULL, '2011-02-01 10:22:23', 'Welcome to the Science Fair'),
(985, NULL, NULL, 'YLZ3U7CI', NULL, NULL, '0', 'password', '00001', NULL, '2011-02-01 10:22:23', 'Welcome to the Science Fair'),
(986, NULL, NULL, 'L053DQEW', NULL, NULL, '0', 'password', '00001', NULL, '2011-02-01 10:22:23', 'Welcome to the Science Fair'),
(987, NULL, NULL, 'ZS0WIED0', NULL, NULL, '0', 'password', '00001', NULL, '2011-02-01 10:22:23', 'Welcome to the Science Fair'),
(988, NULL, NULL, '6RNGISKD', NULL, NULL, '0', 'password', '00001', NULL, '2011-02-01 10:22:23', 'Welcome to the Science Fair'),
(989, NULL, NULL, 'T1W4R6UC', NULL, NULL, '0', 'password', '00001', NULL, '2011-02-01 10:22:23', 'Welcome to the Science Fair'),
(990, NULL, NULL, 'RWM116CT', NULL, NULL, '0', 'password', '00001', NULL, '2011-02-01 10:22:23', 'Welcome to the Science Fair'),
(991, NULL, NULL, 'I7Q85PKX', NULL, NULL, '0', 'password', '00001', NULL, '2011-02-01 10:22:23', 'Welcome to the Science Fair'),
(992, NULL, NULL, '94D7DUVU', NULL, NULL, '0', 'password', '00001', NULL, '2011-02-01 10:22:23', 'Welcome to the Science Fair'),
(993, NULL, NULL, '5ZS02UJC', NULL, NULL, '0', 'password', '00001', NULL, '2011-02-01 10:22:23', 'Welcome to the Science Fair'),
(994, NULL, NULL, 'TREYW76V', NULL, NULL, '0', 'password', '00001', NULL, '2011-02-01 10:22:23', 'Welcome to the Science Fair'),
(995, NULL, NULL, 'PA50XF9S', NULL, NULL, '0', 'password', '00001', NULL, '2011-02-01 10:22:23', 'Welcome to the Science Fair'),
(996, NULL, NULL, 'YJDCMR5N', NULL, NULL, '0', 'password', '00001', NULL, '2011-02-01 10:22:23', 'Welcome to the Science Fair'),
(997, NULL, NULL, 'VONAVBPC', NULL, NULL, '0', 'password', '00001', NULL, '2011-02-01 10:22:23', 'Welcome to the Science Fair'),
(998, NULL, NULL, 'TD7BBYGW', NULL, NULL, '0', 'password', '00001', NULL, '2011-02-01 10:22:23', 'Welcome to the Science Fair'),
(999, NULL, NULL, 'BT6L5ZBA', NULL, NULL, '0', 'password', '00001', NULL, '2011-02-01 10:22:23', 'Welcome to the Science Fair'),
(1000, NULL, NULL, '6I72KDPK', NULL, NULL, '0', 'password', '00001', NULL, '2011-02-01 10:22:23', 'Welcome to the Science Fair'),
(1001, NULL, NULL, 'UF52FODH', NULL, NULL, '0', 'password', '00001', NULL, '2011-02-01 10:22:23', 'Welcome to the Science Fair'),
(1002, NULL, NULL, 'NRJZXAGM', NULL, NULL, '0', 'password', '00001', NULL, '2011-02-01 10:22:23', 'Welcome to the Science Fair');
